t_s,j22,j23,j24,j25,j26,j27,j28,j12
0.000677,-0.046786,0.025203,-0.312680,1.167216,0.041801,0.000000,0.000000,-0.070803
0.020066,-0.046798,0.025191,-0.312692,1.167240,0.041789,0.000000,0.000000,-0.070790
0.040164,-0.046798,0.025203,-0.312692,1.167228,0.041801,0.000000,0.000000,-0.070776
0.060133,-0.046786,0.025215,-0.312692,1.167240,0.041813,0.000000,0.000000,-0.070763
0.080298,-0.046798,0.025203,-0.312680,1.167240,0.041813,0.000000,0.000000,-0.070763
0.100145,-0.046786,0.025203,-0.312692,1.167252,0.041813,0.000000,0.000000,-0.070763
0.120060,-0.046798,0.025215,-0.312668,1.167240,0.041801,0.000000,0.000000,-0.070763
0.140061,-0.046798,0.025179,-0.312692,1.167216,0.041813,0.000000,0.000000,-0.070763
0.160087,-0.046798,0.025191,-0.312680,1.167216,0.041813,0.000000,0.000000,-0.070776
0.180068,-0.046786,0.025227,-0.312692,1.167240,0.041813,0.000000,0.000000,-0.070790
0.200079,-0.046798,0.025203,-0.312692,1.167240,0.041789,0.000000,0.000000,-0.070776
0.220059,-0.046786,0.025203,-0.312692,1.167228,0.041813,0.000000,0.000000,-0.070776
0.240074,-0.046774,0.025215,-0.312692,1.167228,0.041825,0.000000,0.000000,-0.070776
0.260062,-0.046786,0.025227,-0.312692,1.167216,0.041813,0.000000,0.000000,-0.070763
0.280060,-0.046786,0.025203,-0.312668,1.167240,0.041813,0.000000,0.000000,-0.070749
0.300061,-0.046786,0.025215,-0.312704,1.167228,0.041813,0.000000,0.000000,-0.070776
0.320062,-0.046798,0.025203,-0.312668,1.167228,0.041813,0.000000,0.000000,-0.070816
0.340348,-0.046774,0.025203,-0.312692,1.167228,0.041837,0.000000,0.000000,-0.070790
0.360332,-0.046798,0.025215,-0.312680,1.167228,0.041813,0.000000,0.000000,-0.070763
0.380459,-0.046786,0.025203,-0.312692,1.167216,0.041813,0.000000,0.000000,-0.070776
0.400192,-0.046786,0.025191,-0.312680,1.167228,0.041825,0.000000,0.000000,-0.070776
0.420182,-0.046798,0.025203,-0.312680,1.167240,0.041789,0.000000,0.000000,-0.070776
0.440201,-0.046798,0.025203,-0.312704,1.167240,0.041789,0.000000,0.000000,-0.070763
0.460203,-0.046786,0.025215,-0.312680,1.167228,0.041789,0.000000,0.000000,-0.070776
0.480396,-0.046786,0.025203,-0.312680,1.167240,0.041825,0.000000,0.000000,-0.070790
0.500084,-0.046786,0.025203,-0.312692,1.167216,0.041813,0.000000,0.000000,-0.070776
0.520193,-0.046786,0.025215,-0.312692,1.167228,0.041837,0.000000,0.000000,-0.070776
0.540083,-0.046786,0.025203,-0.312692,1.167228,0.041801,0.000000,0.000000,-0.070790
0.560080,-0.046786,0.025215,-0.312692,1.167216,0.041801,0.000000,0.000000,-0.070776
0.580091,-0.046798,0.025191,-0.312692,1.167240,0.041825,0.000000,0.000000,-0.070763
0.600091,-0.046798,0.025203,-0.312680,1.167228,0.041789,0.000000,0.000000,-0.070776
0.620082,-0.046786,0.025215,-0.312692,1.167240,0.041801,0.000000,0.000000,-0.070776
0.640083,-0.046798,0.025203,-0.312704,1.167228,0.041765,0.000000,0.000000,-0.070763
0.660082,-0.046774,0.025215,-0.312692,1.167252,0.041813,0.000000,0.000000,-0.070763
0.680097,-0.046786,0.025203,-0.312728,1.167228,0.041813,0.000000,0.000000,-0.070790
0.700079,-0.046798,0.025227,-0.312680,1.167240,0.041861,0.000000,0.000000,-0.070763
0.720073,-0.046786,0.025203,-0.312692,1.167240,0.041861,0.000000,0.000000,-0.070763
0.740306,-0.046798,0.025191,-0.312680,1.167240,0.041765,0.000000,0.000000,-0.070803
0.760081,-0.046774,0.025215,-0.312668,1.167228,0.041789,0.000000,0.000000,-0.070763
0.780085,-0.046786,0.025203,-0.312680,1.167240,0.041801,0.000000,0.000000,-0.070776
0.800254,-0.046786,0.025203,-0.312680,1.167240,0.041789,0.000000,0.000000,-0.070776
0.820309,-0.046786,0.025215,-0.312692,1.167228,0.041789,0.000000,0.000000,-0.070776
0.840300,-0.046798,0.025215,-0.312680,1.167228,0.041801,0.000000,0.000000,-0.070776
0.860415,-0.046774,0.025191,-0.312692,1.167240,0.041801,0.000000,0.000000,-0.070763
0.880072,-0.046786,0.025203,-0.312692,1.167240,0.041789,0.000000,0.000000,-0.070790
0.900190,-0.046798,0.025203,-0.312680,1.167240,0.041813,0.000000,0.000000,-0.070776
0.920303,-0.046798,0.025215,-0.312692,1.167240,0.041837,0.000000,0.000000,-0.070763
0.940080,-0.046798,0.025203,-0.312680,1.167228,0.041837,0.000000,0.000000,-0.070723
0.960111,-0.046798,0.025215,-0.312680,1.167228,0.041813,0.000000,0.000000,-0.070776
0.980091,-0.046798,0.025203,-0.312692,1.167228,0.041813,0.000000,0.000000,-0.070776
1.000068,-0.046798,0.025215,-0.312692,1.167240,0.041813,0.000000,0.000000,-0.070776
1.020081,-0.046786,0.025203,-0.312680,1.167252,0.041837,0.000000,0.000000,-0.070776
1.040061,-0.046786,0.025215,-0.312692,1.167240,0.041813,0.000000,0.000000,-0.070776
1.060064,-0.046774,0.025227,-0.312704,1.167216,0.041789,0.000000,0.000000,-0.070790
1.080059,-0.046786,0.025215,-0.312680,1.167216,0.041813,0.000000,0.000000,-0.070749
1.100387,-0.046786,0.025203,-0.312692,1.167216,0.041801,0.000000,0.000000,-0.070790
1.120076,-0.046798,0.025215,-0.312680,1.167240,0.041813,0.000000,0.000000,-0.070749
1.140064,-0.046798,0.025203,-0.312692,1.167228,0.041813,0.000000,0.000000,-0.070749
1.160228,-0.046774,0.025203,-0.312692,1.167240,0.041825,0.000000,0.000000,-0.070763
1.180318,-0.046786,0.025191,-0.312680,1.167228,0.041861,0.000000,0.000000,-0.070776
1.200192,-0.046786,0.025203,-0.312692,1.167240,0.041837,0.000000,0.000000,-0.070763
1.220094,-0.046798,0.025215,-0.312692,1.167228,0.041813,0.000000,0.000000,-0.070776
1.240223,-0.046798,0.025215,-0.312680,1.167240,0.041801,0.000000,0.000000,-0.070749
1.260147,-0.046786,0.025215,-0.312692,1.167228,0.041837,0.000000,0.000000,-0.070776
1.280160,-0.046786,0.025191,-0.312680,1.167228,0.041801,0.000000,0.000000,-0.070749
1.300086,-0.046798,0.025203,-0.312680,1.167228,0.041825,0.000000,0.000000,-0.070776
1.320305,-0.046774,0.025227,-0.312692,1.167228,0.041801,0.000000,0.000000,-0.070749
1.340123,-0.046786,0.025203,-0.312680,1.167228,0.041801,0.000000,0.000000,-0.070763
1.360454,-0.046798,0.025215,-0.312692,1.167228,0.041813,0.000000,0.000000,-0.070776
1.380095,-0.046774,0.025203,-0.312692,1.167228,0.041813,0.000000,0.000000,-0.070763
1.400703,-0.046786,0.025215,-0.312704,1.167216,0.041813,0.000000,0.000000,-0.070763
1.420550,-0.046798,0.025215,-0.312680,1.167204,0.041813,0.000000,0.000000,-0.070749
1.440078,-0.046786,0.025203,-0.312680,1.167216,0.041813,0.000000,0.000000,-0.070763
1.460445,-0.046774,0.025215,-0.312692,1.167228,0.041789,0.000000,0.000000,-0.070763
1.480532,-0.046798,0.025215,-0.312704,1.167240,0.041801,0.000000,0.000000,-0.070776
1.500378,-0.046798,0.025203,-0.312680,1.167240,0.041801,0.000000,0.000000,-0.070776
1.520461,-0.046798,0.025203,-0.312680,1.167240,0.041813,0.000000,0.000000,-0.070803
1.540338,-0.046798,0.025215,-0.312692,1.167252,0.041789,0.000000,0.000000,-0.070776
1.560313,-0.046810,0.025215,-0.312680,1.167240,0.041789,0.000000,0.000000,-0.070790
1.580421,-0.046786,0.025227,-0.312692,1.167240,0.041789,0.000000,0.000000,-0.070776
1.600110,-0.046786,0.025215,-0.312692,1.167240,0.041801,0.000000,0.000000,-0.070763
1.620082,-0.046786,0.025227,-0.312680,1.167228,0.041801,0.000000,0.000000,-0.070776
1.640085,-0.046786,0.025203,-0.312692,1.167228,0.041813,0.000000,0.000000,-0.070776
1.660136,-0.046786,0.025203,-0.312680,1.167252,0.041801,0.000000,0.000000,-0.070776
1.680090,-0.046786,0.025203,-0.312692,1.167228,0.041813,0.000000,0.000000,-0.070776
1.700079,-0.046798,0.025203,-0.312680,1.167240,0.041801,0.000000,0.000000,-0.070776
1.720082,-0.046762,0.025215,-0.312680,1.167240,0.041777,0.000000,0.000000,-0.070776
1.740078,-0.046798,0.025215,-0.312692,1.167240,0.041837,0.000000,0.000000,-0.070749
1.760083,-0.046810,0.025227,-0.312680,1.167240,0.041813,0.000000,0.000000,-0.070763
1.780087,-0.046798,0.025203,-0.312668,1.167228,0.041813,0.000000,0.000000,-0.070790
1.800115,-0.046798,0.025215,-0.312680,1.167240,0.041801,0.000000,0.000000,-0.070790
1.820078,-0.046786,0.025215,-0.312692,1.167228,0.041801,0.000000,0.000000,-0.070776
1.840077,-0.046798,0.025203,-0.312692,1.167228,0.041789,0.000000,0.000000,-0.070776
1.860411,-0.046798,0.025203,-0.312692,1.167240,0.041813,0.000000,0.000000,-0.070763
1.880096,-0.046786,0.025215,-0.312692,1.167216,0.041813,0.000000,0.000000,-0.070776
1.900358,-0.046786,0.025215,-0.312692,1.167240,0.041801,0.000000,0.000000,-0.070776
1.920235,-0.046786,0.025203,-0.312692,1.167240,0.041801,0.000000,0.000000,-0.070763
1.940208,-0.046798,0.025215,-0.312692,1.167228,0.041801,0.000000,0.000000,-0.070763
1.960534,-0.046798,0.025215,-0.312692,1.167228,0.041825,0.000000,0.000000,-0.070776
1.980228,-0.046786,0.025203,-0.312680,1.167228,0.041825,0.000000,0.000000,-0.070790
2.000227,-0.046798,0.025203,-0.312692,1.167228,0.041801,0.000000,0.000000,-0.070790
2.020297,-0.046786,0.025215,-0.312692,1.167240,0.041801,0.000000,0.000000,-0.070776
2.040076,-0.046786,0.025227,-0.312692,1.167240,0.041753,0.000000,0.000000,-0.070763
2.060062,-0.046798,0.025203,-0.312692,1.167228,0.041813,0.000000,0.000000,-0.070776
2.080134,-0.046798,0.025215,-0.312680,1.167228,0.041765,0.000000,0.000000,-0.070803
2.100068,-0.046798,0.025203,-0.312668,1.167240,0.041765,0.000000,0.000000,-0.070776
2.120058,-0.046786,0.025215,-0.312692,1.167240,0.041801,0.000000,0.000000,-0.070790
2.140059,-0.046798,0.025215,-0.312680,1.167228,0.041765,0.000000,0.000000,-0.070776
2.160064,-0.046786,0.025203,-0.312692,1.167240,0.041837,0.000000,0.000000,-0.070790
2.180082,-0.046786,0.025203,-0.312680,1.167240,0.041813,0.000000,0.000000,-0.070776
2.200067,-0.046798,0.025203,-0.312680,1.167240,0.041825,0.000000,0.000000,-0.070776
2.220060,-0.046786,0.025203,-0.312692,1.167240,0.041825,0.000000,0.000000,-0.070776
2.240674,-0.046774,0.025203,-0.312692,1.167240,0.041813,0.000000,0.000000,-0.070776
2.260072,-0.046786,0.025227,-0.312692,1.167228,0.041801,0.000000,0.000000,-0.070776
2.280383,-0.046798,0.025215,-0.312692,1.167240,0.041813,0.000000,0.000000,-0.070776
2.300186,-0.046798,0.025203,-0.312692,1.167240,0.041789,0.000000,0.000000,-0.070776
2.320063,-0.046786,0.025227,-0.312680,1.167240,0.041789,0.000000,0.000000,-0.070790
2.340063,-0.046786,0.025215,-0.312692,1.167240,0.041801,0.000000,0.000000,-0.070763
2.360163,-0.046786,0.025203,-0.312692,1.167240,0.041789,0.000000,0.000000,-0.070776
2.380388,-0.046786,0.025215,-0.312692,1.167240,0.041813,0.000000,0.000000,-0.070776
2.400062,-0.046786,0.025203,-0.312680,1.167240,0.041813,0.000000,0.000000,-0.070776
2.420064,-0.046786,0.025215,-0.312668,1.167240,0.041813,0.000000,0.000000,-0.070763
2.440062,-0.046786,0.025215,-0.312692,1.167240,0.041801,0.000000,0.000000,-0.070763
2.460077,-0.046798,0.025203,-0.312680,1.167240,0.041813,0.000000,0.000000,-0.070776
2.480344,-0.046786,0.025215,-0.312692,1.167240,0.041801,0.000000,0.000000,-0.070763
2.500086,-0.046786,0.025215,-0.312692,1.167228,0.041813,0.000000,0.000000,-0.070776
2.520078,-0.046786,0.025227,-0.312668,1.167228,0.041813,0.000000,0.000000,-0.070776
2.540077,-0.046786,0.025203,-0.312680,1.167228,0.041813,0.000000,0.000000,-0.070790
2.560085,-0.046810,0.025215,-0.312668,1.167228,0.041789,0.000000,0.000000,-0.070790
2.580088,-0.046786,0.025203,-0.312668,1.167252,0.041777,0.000000,0.000000,-0.070790
2.600082,-0.046786,0.025191,-0.312692,1.167216,0.041813,0.000000,0.000000,-0.070790
2.620417,-0.046786,0.025215,-0.312692,1.167228,0.041801,0.000000,0.000000,-0.070776
2.640326,-0.046798,0.025215,-0.312668,1.167252,0.041813,0.000000,0.000000,-0.070776
2.660371,-0.046798,0.025215,-0.312692,1.167240,0.041801,0.000000,0.000000,-0.070776
2.680340,-0.046798,0.025191,-0.312680,1.167228,0.041825,0.000000,0.000000,-0.070776
2.700440,-0.046798,0.025203,-0.312704,1.167240,0.041813,0.000000,0.000000,-0.070776
2.720151,-0.046798,0.025203,-0.312680,1.167240,0.041873,0.000000,0.000000,-0.070749
2.740141,-0.046774,0.025191,-0.312692,1.167228,0.041825,0.000000,0.000000,-0.070763
2.760347,-0.046774,0.025191,-0.312692,1.167228,0.041813,0.000000,0.000000,-0.070763
2.780077,-0.046786,0.025215,-0.312692,1.167240,0.041813,0.000000,0.000000,-0.070749
2.800076,-0.046786,0.025227,-0.312692,1.167240,0.041801,0.000000,0.000000,-0.070749
2.820420,-0.046786,0.025215,-0.312680,1.167240,0.041801,0.000000,0.000000,-0.070776
2.840409,-0.046786,0.025227,-0.312668,1.167240,0.041789,0.000000,0.000000,-0.070776
2.860082,-0.046786,0.025215,-0.312680,1.167240,0.041801,0.000000,0.000000,-0.070790
2.880084,-0.046810,0.025203,-0.312692,1.167240,0.041777,0.000000,0.000000,-0.070790
2.900084,-0.046774,0.025191,-0.312680,1.167228,0.041801,0.000000,0.000000,-0.070776
2.920075,-0.046786,0.025215,-0.312692,1.167240,0.041789,0.000000,0.000000,-0.070763
2.940081,-0.046786,0.025215,-0.312680,1.167240,0.041765,0.000000,0.000000,-0.070776
2.960079,-0.046774,0.025227,-0.312704,1.167228,0.041801,0.000000,0.000000,-0.070790
2.980083,-0.046786,0.025215,-0.312680,1.167240,0.041789,0.000000,0.000000,-0.070776
3.000432,-0.046786,0.025215,-0.312692,1.167228,0.041813,0.000000,0.000000,-0.070763
3.020336,-0.046810,0.025203,-0.312692,1.167240,0.041813,0.000000,0.000000,-0.070749
3.040387,-0.046786,0.025203,-0.312704,1.167228,0.041861,0.000000,0.000000,-0.070763
3.060614,-0.046798,0.025203,-0.312692,1.167252,0.041801,0.000000,0.000000,-0.070763
3.080364,-0.046786,0.025215,-0.312716,1.167240,0.041813,0.000000,0.000000,-0.070749
3.100327,-0.046774,0.025191,-0.312692,1.167228,0.041813,0.000000,0.000000,-0.070749
3.120242,-0.046786,0.025215,-0.312680,1.167228,0.041801,0.000000,0.000000,-0.070776
3.140162,-0.046786,0.025203,-0.312692,1.167252,0.041801,0.000000,0.000000,-0.070763
3.160661,-0.046774,0.025203,-0.312680,1.167252,0.041789,0.000000,0.000000,-0.070749
3.180137,-0.046786,0.025215,-0.312680,1.167240,0.041813,0.000000,0.000000,-0.070763
3.200086,-0.046798,0.025191,-0.312680,1.167240,0.041813,0.000000,0.000000,-0.070763
3.220077,-0.046786,0.025215,-0.312692,1.167240,0.041801,0.000000,0.000000,-0.070790
3.240075,-0.046786,0.025215,-0.312680,1.167216,0.041801,0.000000,0.000000,-0.070763
3.260081,-0.046786,0.025227,-0.312692,1.167240,0.041813,0.000000,0.000000,-0.070776
3.280089,-0.046786,0.025215,-0.312680,1.167228,0.041825,0.000000,0.000000,-0.070776
3.300082,-0.046798,0.025215,-0.312680,1.167240,0.041837,0.000000,0.000000,-0.070776
3.320077,-0.046798,0.025203,-0.312668,1.167240,0.041813,0.000000,0.000000,-0.070776
3.340076,-0.046798,0.025191,-0.312692,1.167240,0.041837,0.000000,0.000000,-0.070776
3.360076,-0.046786,0.025215,-0.312692,1.167216,0.041813,0.000000,0.000000,-0.070776
3.380493,-0.046786,0.025203,-0.312692,1.167228,0.041813,0.000000,0.000000,-0.070763
3.400080,-0.046786,0.025215,-0.312680,1.167240,0.041849,0.000000,0.000000,-0.070776
3.420416,-0.046786,0.025215,-0.312692,1.167252,0.041789,0.000000,0.000000,-0.070749
3.440189,-0.046798,0.025203,-0.312680,1.167240,0.041813,0.000000,0.000000,-0.070749
3.460224,-0.046798,0.025215,-0.312680,1.167240,0.041825,0.000000,0.000000,-0.070749
3.480400,-0.046786,0.025179,-0.312692,1.167252,0.041801,0.000000,0.000000,-0.070763
3.500225,-0.046786,0.025227,-0.312692,1.167228,0.041825,0.000000,0.000000,-0.070763
3.520212,-0.046786,0.025203,-0.312692,1.167240,0.041801,0.000000,0.000000,-0.070776
3.540105,-0.046786,0.025215,-0.312692,1.167216,0.041801,0.000000,0.000000,-0.070763
3.560060,-0.046798,0.025203,-0.312680,1.167228,0.041825,0.000000,0.000000,-0.070776
3.580069,-0.046786,0.025179,-0.312680,1.167216,0.041801,0.000000,0.000000,-0.070776
3.600061,-0.046798,0.025203,-0.312668,1.167252,0.041813,0.000000,0.000000,-0.070776
3.620065,-0.046798,0.025215,-0.312680,1.167240,0.041801,0.000000,0.000000,-0.070776
3.640062,-0.046798,0.025203,-0.312680,1.167228,0.041813,0.000000,0.000000,-0.070790
3.660076,-0.046798,0.025215,-0.312680,1.167240,0.041777,0.000000,0.000000,-0.070776
3.680069,-0.046798,0.025203,-0.312692,1.167240,0.041801,0.000000,0.000000,-0.070776
3.700066,-0.046786,0.025203,-0.312656,1.167240,0.041789,0.000000,0.000000,-0.070749
3.720062,-0.046798,0.025215,-0.312692,1.167252,0.041837,0.000000,0.000000,-0.070763
3.740061,-0.046786,0.025215,-0.312692,1.167252,0.041837,0.000000,0.000000,-0.070723
3.760074,-0.046786,0.025191,-0.312680,1.167240,0.041813,0.000000,0.000000,-0.070763
3.780445,-0.046786,0.025215,-0.312692,1.167228,0.041789,0.000000,0.000000,-0.070776
3.800068,-0.046786,0.025203,-0.312692,1.167252,0.041801,0.000000,0.000000,-0.070763
3.820184,-0.046774,0.025203,-0.312680,1.167252,0.041789,0.000000,0.000000,-0.070776
3.840200,-0.046774,0.025203,-0.312692,1.167228,0.041801,0.000000,0.000000,-0.070776
3.860249,-0.046798,0.025203,-0.312680,1.167252,0.041765,0.000000,0.000000,-0.070776
3.880385,-0.046786,0.025203,-0.312692,1.167240,0.041777,0.000000,0.000000,-0.070749
3.900087,-0.046786,0.025203,-0.312680,1.167240,0.041789,0.000000,0.000000,-0.070790
3.920063,-0.046798,0.025215,-0.312668,1.167228,0.041789,0.000000,0.000000,-0.070776
3.940112,-0.046798,0.025215,-0.312680,1.167252,0.041825,0.000000,0.000000,-0.070763
3.960068,-0.046774,0.025203,-0.312692,1.167240,0.041813,0.000000,0.000000,-0.070776
3.980070,-0.046786,0.025215,-0.312716,1.167240,0.041813,0.000000,0.000000,-0.070736
4.000070,-0.046798,0.025203,-0.312668,1.167240,0.041789,0.000000,0.000000,-0.070749
4.020064,-0.046798,0.025215,-0.312680,1.167240,0.041777,0.000000,0.000000,-0.070736
4.040068,-0.046762,0.025191,-0.312692,1.167228,0.041765,0.000000,0.000000,-0.070736
4.060073,-0.046774,0.025203,-0.312680,1.167240,0.041777,0.000000,0.000000,-0.070763
4.080073,-0.046798,0.025203,-0.312692,1.167240,0.041765,0.000000,0.000000,-0.070776
4.100072,-0.046786,0.025203,-0.312680,1.167240,0.041861,0.000000,0.000000,-0.070749
4.120067,-0.046786,0.025215,-0.312692,1.167252,0.041789,0.000000,0.000000,-0.070749
4.140270,-0.046786,0.025215,-0.312680,1.167240,0.041813,0.000000,0.000000,-0.070763
4.160371,-0.046774,0.025227,-0.312692,1.167228,0.041789,0.000000,0.000000,-0.070776
4.180413,-0.046798,0.025215,-0.312692,1.167264,0.041789,0.000000,0.000000,-0.070763
4.200414,-0.046786,0.025191,-0.312692,1.167264,0.041765,0.000000,0.000000,-0.070776
4.220234,-0.046798,0.025215,-0.312692,1.167216,0.041789,0.000000,0.000000,-0.070776
4.240149,-0.046786,0.025203,-0.312692,1.167240,0.041813,0.000000,0.000000,-0.070763
4.260068,-0.046786,0.025215,-0.312692,1.167240,0.041789,0.000000,0.000000,-0.070803
4.280317,-0.046786,0.025203,-0.312692,1.167240,0.041765,0.000000,0.000000,-0.070776
4.300071,-0.046798,0.025215,-0.312680,1.167240,0.041801,0.000000,0.000000,-0.070776
4.320065,-0.046774,0.025203,-0.312692,1.167240,0.041813,0.000000,0.000000,-0.070776
4.340068,-0.046786,0.025227,-0.312680,1.167240,0.041789,0.000000,0.000000,-0.070776
4.360126,-0.046798,0.025215,-0.312680,1.167240,0.041789,0.000000,0.000000,-0.070763
4.380091,-0.046798,0.025227,-0.312680,1.167240,0.041765,0.000000,0.000000,-0.070776
4.400071,-0.046774,0.025215,-0.312680,1.167216,0.041801,0.000000,0.000000,-0.070776
4.420068,-0.046786,0.025215,-0.312680,1.167240,0.041777,0.000000,0.000000,-0.070763
4.440068,-0.046774,0.025227,-0.312680,1.167240,0.041777,0.000000,0.000000,-0.070776
4.460080,-0.046786,0.025203,-0.312692,1.167228,0.041801,0.000000,0.000000,-0.070776
4.480072,-0.046786,0.025203,-0.312680,1.167228,0.041789,0.000000,0.000000,-0.070763
4.500072,-0.046786,0.025215,-0.312680,1.167240,0.041825,0.000000,0.000000,-0.070763
4.520283,-0.046786,0.025203,-0.312704,1.167240,0.041801,0.000000,0.000000,-0.070749
4.540365,-0.046786,0.025203,-0.312692,1.167228,0.041837,0.000000,0.000000,-0.070763
4.560436,-0.046786,0.025203,-0.312692,1.167240,0.041789,0.000000,0.000000,-0.070763
4.580072,-0.046786,0.025215,-0.312692,1.167240,0.041753,0.000000,0.000000,-0.070776
4.600340,-0.046786,0.025203,-0.312692,1.167240,0.041801,0.000000,0.000000,-0.070776
4.620201,-0.046786,0.025215,-0.312680,1.167240,0.041789,0.000000,0.000000,-0.070763
4.640064,-0.046798,0.025203,-0.312668,1.167240,0.041801,0.000000,0.000000,-0.070776
4.660327,-0.046798,0.025215,-0.312680,1.167252,0.041777,0.000000,0.000000,-0.070736
4.680066,-0.046774,0.025215,-0.312692,1.167240,0.041801,0.000000,0.000000,-0.070776
4.700068,-0.046798,0.025227,-0.312680,1.167240,0.041777,0.000000,0.000000,-0.070763
4.720064,-0.046798,0.025203,-0.312668,1.167240,0.041789,0.000000,0.000000,-0.070776
4.740121,-0.046798,0.025227,-0.312668,1.167240,0.041789,0.000000,0.000000,-0.070776
4.760074,-0.046798,0.025203,-0.312692,1.167252,0.041825,0.000000,0.000000,-0.070763
4.780070,-0.046798,0.025215,-0.312680,1.167240,0.041789,0.000000,0.000000,-0.070763
4.800074,-0.046786,0.025215,-0.312692,1.167240,0.041813,0.000000,0.000000,-0.070790
4.820065,-0.046786,0.025227,-0.312692,1.167240,0.041813,0.000000,0.000000,-0.070776
4.840064,-0.046798,0.025227,-0.312680,1.167228,0.041801,0.000000,0.000000,-0.070749
4.860072,-0.046786,0.025203,-0.312680,1.167252,0.041753,0.000000,0.000000,-0.070776
4.880068,-0.046786,0.025215,-0.312692,1.167240,0.041789,0.000000,0.000000,-0.070776
4.900409,-0.046786,0.025191,-0.312692,1.167228,0.041789,0.000000,0.000000,-0.070790
4.920324,-0.046786,0.025191,-0.312680,1.167228,0.041813,0.000000,0.000000,-0.070763
4.940067,-0.046798,0.025203,-0.312680,1.167240,0.041789,0.000000,0.000000,-0.070763
4.960264,-0.046798,0.025251,-0.312680,1.167240,0.041813,0.000000,0.000000,-0.070803
4.980283,-0.046750,0.025874,-0.312728,1.167240,0.041813,0.000000,0.000000,-0.070776
5.000321,-0.046247,0.027684,-0.312932,1.167228,0.041777,0.000000,0.000000,-0.070776
5.020229,-0.045852,0.028654,-0.313184,1.165598,0.041765,0.000000,0.000000,-0.070776
5.040221,-0.046235,0.028331,-0.313136,1.165993,0.041789,0.000000,0.000000,-0.070763
5.060071,-0.046259,0.028247,-0.313112,1.166053,0.041789,0.000000,0.000000,-0.070763
5.080073,-0.046223,0.028247,-0.313112,1.166161,0.041789,0.000000,0.000000,-0.070803
5.100107,-0.046523,0.028259,-0.313016,1.166161,0.041801,0.000000,0.000000,-0.070776
5.120064,-0.046667,0.028067,-0.312944,1.166149,0.041729,0.000000,0.000000,-0.070776
5.140066,-0.046679,0.026965,-0.312692,1.166161,0.041585,0.000000,0.000000,-0.070776
5.160079,-0.046703,0.024664,-0.312501,1.166173,0.041298,0.000000,0.000000,-0.070776
5.180068,-0.047182,0.021667,-0.311446,1.166257,0.040087,0.000000,0.000000,-0.069477
5.200069,-0.049483,0.019067,-0.311194,1.166305,0.039931,0.000000,0.000000,-0.067388
5.220066,-0.052371,0.016370,-0.310619,1.166245,0.039788,0.000000,0.000000,-0.064736
5.240067,-0.055679,0.013063,-0.310224,1.166017,0.039152,0.000000,0.000000,-0.061763
5.260075,-0.059166,0.008449,-0.310164,1.165885,0.038889,0.000000,0.000000,-0.058107
5.280073,-0.063804,0.001618,-0.310128,1.165873,0.038865,0.000000,0.000000,-0.053969
5.300070,-0.072936,-0.003787,-0.310104,1.165957,0.038853,0.000000,0.000000,-0.050153
5.320357,-0.084153,-0.009611,-0.310152,1.165957,0.038853,0.000000,0.000000,-0.046765
5.340173,-0.092171,-0.015220,-0.310056,1.165178,0.038338,0.000000,0.000000,-0.043524
5.360244,-0.104826,-0.021536,-0.309780,1.163369,0.036001,0.000000,0.000000,-0.040430
5.380197,-0.124360,-0.029349,-0.309600,1.162997,0.035222,0.000000,0.000000,-0.037109
5.400168,-0.138322,-0.038350,-0.309541,1.161883,0.035222,0.000000,0.000000,-0.034672
5.420082,-0.158503,-0.044461,-0.309469,1.157712,0.035246,0.000000,0.000000,-0.031873
5.440064,-0.177462,-0.050813,-0.309660,1.146567,0.035270,0.000000,0.000000,-0.029623
5.460127,-0.194780,-0.054708,-0.309780,1.120058,0.035294,0.000000,0.000000,-0.026797
5.480081,-0.210791,-0.057237,-0.309756,1.083733,0.035270,0.000000,0.000000,-0.024213
5.500071,-0.216064,-0.058543,-0.309720,1.039320,0.035258,0.000000,0.000000,-0.020985
5.520065,-0.228815,-0.058914,-0.309744,0.990928,0.035306,0.000000,0.000000,-0.016593
5.540065,-0.243100,-0.058986,-0.309828,0.944117,0.035318,0.000000,0.000000,-0.012682
5.560077,-0.246444,-0.058651,-0.309840,0.897451,0.035377,0.000000,0.000000,-0.009267
5.580070,-0.254173,-0.058531,-0.309804,0.848963,0.035389,0.000000,0.000000,-0.004754
5.600071,-0.259902,-0.058327,-0.309696,0.801577,0.035341,0.000000,0.000000,0.000844
5.620066,-0.269885,-0.058064,-0.309708,0.757547,0.035425,0.000000,0.000000,0.006897
5.640065,-0.279616,-0.057980,-0.309852,0.717016,0.035569,0.000000,0.000000,0.013352
5.660393,-0.280107,-0.057764,-0.309912,0.679997,0.035785,0.000000,0.000000,0.019887
5.680071,-0.285273,-0.057512,-0.309888,0.646920,0.035905,0.000000,0.000000,0.026128
5.700074,-0.291372,-0.057273,-0.309876,0.617283,0.035953,0.000000,0.000000,0.032797
5.720218,-0.295807,-0.057213,-0.309792,0.593327,0.036073,0.000000,0.000000,0.040725
5.740224,-0.298275,-0.057201,-0.309696,0.569694,0.036156,0.000000,0.000000,0.049590
5.760258,-0.302182,-0.057201,-0.309888,0.539314,0.036264,0.000000,0.000000,0.058282
5.780239,-0.305442,-0.058279,-0.311302,0.515501,0.036564,0.000000,0.000000,0.067321
5.800324,-0.314802,-0.059693,-0.313723,0.497297,0.036863,0.000000,0.000000,0.074687
5.820097,-0.315173,-0.067196,-0.312609,0.489472,0.036923,0.000000,0.000000,0.079173
5.840066,-0.315928,-0.077885,-0.310607,0.483108,0.036971,0.000000,0.000000,0.083485
5.860072,-0.319631,-0.084872,-0.310943,0.468272,0.037091,0.000000,0.000000,0.089096
5.880072,-0.322232,-0.088444,-0.310955,0.457294,0.037103,0.000000,0.000000,0.095538
5.900075,-0.328548,-0.093824,-0.311194,0.448522,0.037475,0.000000,0.000000,0.100185
5.920065,-0.334851,-0.099745,-0.311039,0.432547,0.038122,0.000000,0.000000,0.104658
5.940067,-0.339118,-0.108553,-0.311075,0.412401,0.038278,0.000000,0.000000,0.110041
5.960070,-0.344930,-0.113455,-0.311110,0.392819,0.038278,0.000000,0.000000,0.115210
5.980071,-0.356675,-0.118021,-0.311662,0.377935,0.038278,0.000000,0.000000,0.120648
6.000072,-0.361660,-0.123557,-0.311782,0.368251,0.038362,0.000000,0.000000,0.124504
6.020063,-0.365123,-0.127452,-0.311782,0.350742,0.038338,0.000000,0.000000,0.128549
6.040063,-0.368407,-0.129549,-0.312692,0.330345,0.038278,0.000000,0.000000,0.132901
6.060068,-0.369222,-0.132222,-0.312836,0.299582,0.038278,0.000000,0.000000,0.137093
6.080641,-0.369641,-0.136093,-0.312848,0.260585,0.038242,0.000000,0.000000,0.141472
6.100067,-0.370325,-0.141989,-0.313220,0.224177,0.038086,0.000000,0.000000,0.146320
6.120235,-0.370708,-0.152799,-0.313028,0.184701,0.038086,0.000000,0.000000,0.152333
6.140186,-0.370624,-0.161943,-0.312968,0.148724,0.038122,0.000000,0.000000,0.158413
6.160199,-0.369773,-0.170356,-0.313304,0.114581,0.038110,0.000000,0.000000,0.164158
6.180210,-0.369797,-0.177918,-0.313340,0.078125,0.038134,0.000000,0.000000,0.168564
6.200068,-0.370265,-0.186043,-0.313567,0.044390,0.038134,0.000000,0.000000,0.172501
6.220122,-0.370432,-0.194887,-0.313855,0.016826,0.038134,0.000000,0.000000,0.176023
6.240065,-0.371068,-0.200892,-0.314346,-0.014237,0.038158,0.000000,0.000000,0.178916
6.260068,-0.371763,-0.202126,-0.315173,-0.042568,0.038182,0.000000,0.000000,0.181206
6.280071,-0.372410,-0.201371,-0.316455,-0.066129,0.038170,0.000000,0.000000,0.183335
6.300064,-0.373812,-0.201011,-0.318720,-0.090397,0.038158,0.000000,0.000000,0.185103
6.320064,-0.377407,-0.201431,-0.320362,-0.108433,0.038122,0.000000,0.000000,0.186147
6.340066,-0.382968,-0.201575,-0.321621,-0.128051,0.038110,0.000000,0.000000,0.186295
6.360077,-0.395515,-0.201527,-0.322220,-0.138598,0.038098,0.000000,0.000000,0.185290
6.380067,-0.406038,-0.201515,-0.323310,-0.148461,0.038074,0.000000,0.000000,0.184714
6.400071,-0.411682,-0.202186,-0.324065,-0.162674,0.038038,0.000000,0.000000,0.184768
6.420064,-0.421977,-0.202833,-0.325276,-0.168366,0.038050,0.000000,0.000000,0.184755
6.440065,-0.439833,-0.202533,-0.326378,-0.168474,0.038050,0.000000,0.000000,0.184755
6.460072,-0.449792,-0.202234,-0.326187,-0.168870,0.038026,0.000000,0.000000,0.184045
6.480349,-0.464604,-0.202953,-0.326127,-0.169840,0.038014,0.000000,0.000000,0.182746
6.500070,-0.479729,-0.202893,-0.326103,-0.169804,0.038026,0.000000,0.000000,0.181393
6.520099,-0.492336,-0.202761,-0.325935,-0.169948,0.038026,0.000000,0.000000,0.181299
6.540092,-0.504572,-0.202905,-0.325971,-0.170332,0.038026,0.000000,0.000000,0.181527
6.560080,-0.519708,-0.202390,-0.325935,-0.170332,0.038014,0.000000,0.000000,0.181554
6.580096,-0.528061,-0.202569,-0.325947,-0.170464,0.037978,0.000000,0.000000,0.181554
6.600066,-0.536234,-0.203001,-0.326007,-0.170500,0.037954,0.000000,0.000000,0.181554
6.620064,-0.546541,-0.202138,-0.326247,-0.170464,0.037990,0.000000,0.000000,0.181554
6.640065,-0.559268,-0.200125,-0.326271,-0.170320,0.037978,0.000000,0.000000,0.181554
6.660070,-0.563462,-0.200161,-0.325815,-0.170152,0.037990,0.000000,0.000000,0.181554
6.680068,-0.569203,-0.200184,-0.324257,-0.169876,0.037990,0.000000,0.000000,0.183348
6.700065,-0.574548,-0.206908,-0.321681,-0.169469,0.037978,0.000000,0.000000,0.186482
6.720064,-0.581415,-0.219503,-0.318888,-0.168390,0.037978,0.000000,0.000000,0.189348
6.740063,-0.590079,-0.237000,-0.317642,-0.166389,0.037978,0.000000,0.000000,0.192093
6.760068,-0.593579,-0.254904,-0.316611,-0.166053,0.037978,0.000000,0.000000,0.194370
6.780066,-0.595185,-0.276836,-0.314202,-0.166101,0.038014,0.000000,0.000000,0.196218
6.800066,-0.595149,-0.289467,-0.313016,-0.166569,0.038002,0.000000,0.000000,0.199044
6.820065,-0.595149,-0.311865,-0.313028,-0.167492,0.038062,0.000000,0.000000,0.201280
6.840062,-0.595149,-0.321657,-0.312944,-0.169121,0.038086,0.000000,0.000000,0.203691
6.860280,-0.595125,-0.335594,-0.312045,-0.170727,0.038122,0.000000,0.000000,0.204856
6.880355,-0.595161,-0.347099,-0.311614,-0.170703,0.038146,0.000000,0.000000,0.205579
6.900220,-0.597498,-0.353487,-0.310979,-0.170655,0.038134,0.000000,0.000000,0.207923
6.920072,-0.600086,-0.355105,-0.310667,-0.170643,0.038146,0.000000,0.000000,0.211150
6.940208,-0.602315,-0.356303,-0.310224,-0.170655,0.038146,0.000000,0.000000,0.214685
6.960081,-0.603526,-0.361241,-0.308833,-0.170655,0.038146,0.000000,0.000000,0.218275
6.980117,-0.603657,-0.368623,-0.307911,-0.170392,0.038122,0.000000,0.000000,0.222292
7.000084,-0.603358,-0.379588,-0.307192,-0.168139,0.038170,0.000000,0.000000,0.226778
7.020076,-0.602159,-0.393298,-0.307168,-0.163824,0.038182,0.000000,0.000000,0.232215
7.040071,-0.600494,-0.406517,-0.307911,-0.161511,0.038326,0.000000,0.000000,0.237385
7.060077,-0.599739,-0.421593,-0.308222,-0.155591,0.039224,0.000000,0.000000,0.241831
7.080084,-0.599787,-0.437952,-0.308043,-0.152080,0.039692,0.000000,0.000000,0.246853
7.100075,-0.597222,-0.452440,-0.308114,-0.148269,0.039728,0.000000,0.000000,0.252732
7.120074,-0.592093,-0.468344,-0.307587,-0.140934,0.039788,0.000000,0.000000,0.259187
7.140091,-0.588354,-0.479908,-0.307695,-0.123605,0.039788,0.000000,0.000000,0.264530
7.160537,-0.589001,-0.487722,-0.308402,-0.104886,0.039979,0.000000,0.000000,0.267490
7.180084,-0.591110,-0.496746,-0.308222,-0.081828,0.039967,0.000000,0.000000,0.268521
7.200089,-0.594118,-0.506142,-0.308007,-0.057057,0.039991,0.000000,0.000000,0.269552
7.220075,-0.595280,-0.512302,-0.307983,-0.027264,0.040027,0.000000,0.000000,0.271119
7.240073,-0.595221,-0.516292,-0.307743,0.007910,0.040027,0.000000,0.000000,0.273449
7.260344,-0.595221,-0.520870,-0.308162,0.049447,0.040099,0.000000,0.000000,0.276087
7.280368,-0.596479,-0.524825,-0.307959,0.089570,0.040075,0.000000,0.000000,0.277761
7.300154,-0.597258,-0.528636,-0.307611,0.130388,0.040135,0.000000,0.000000,0.279690
7.320209,-0.596659,-0.533334,-0.307288,0.168450,0.040411,0.000000,0.000000,0.282690
7.340072,-0.596683,-0.542035,-0.307371,0.202989,0.040854,0.000000,0.000000,0.286506
7.360162,-0.594430,-0.547356,-0.307803,0.225639,0.041226,0.000000,0.000000,0.289935
7.380088,-0.593219,-0.551119,-0.307647,0.245017,0.041238,0.000000,0.000000,0.292225
7.400088,-0.592344,-0.551226,-0.307371,0.267284,0.041250,0.000000,0.000000,0.293805
7.420075,-0.593675,-0.551298,-0.306892,0.288352,0.041334,0.000000,0.000000,0.294943
7.440072,-0.594010,-0.552161,-0.306305,0.311794,0.041394,0.000000,0.000000,0.296657
7.460080,-0.594921,-0.553611,-0.306317,0.329542,0.041382,0.000000,0.000000,0.298546
7.480083,-0.595065,-0.554786,-0.306365,0.345793,0.041382,0.000000,0.000000,0.300983
7.500078,-0.595209,-0.555637,-0.307024,0.357957,0.041429,0.000000,0.000000,0.303179
7.520073,-0.595209,-0.556092,-0.307419,0.361864,0.041370,0.000000,0.000000,0.305616
7.540074,-0.593591,-0.556224,-0.307276,0.362091,0.041298,0.000000,0.000000,0.307866
7.560062,-0.591745,-0.556200,-0.307288,0.362846,0.041310,0.000000,0.000000,0.309902
7.580066,-0.591026,-0.556188,-0.307288,0.365567,0.041286,0.000000,0.000000,0.311241
7.600333,-0.591266,-0.556260,-0.307276,0.369773,0.041262,0.000000,0.000000,0.311924
7.620363,-0.592512,-0.556260,-0.307192,0.377875,0.041262,0.000000,0.000000,0.312339
7.640202,-0.594849,-0.556212,-0.307096,0.392591,0.041322,0.000000,0.000000,0.312861
7.660306,-0.595280,-0.556296,-0.307467,0.397912,0.041405,0.000000,0.000000,0.313906
7.680398,-0.595328,-0.556583,-0.307479,0.398104,0.041310,0.000000,0.000000,0.315339
7.700191,-0.595328,-0.556679,-0.307455,0.397744,0.041334,0.000000,0.000000,0.316558
7.720072,-0.595328,-0.556871,-0.307431,0.397840,0.041298,0.000000,0.000000,0.317642
7.740296,-0.595292,-0.557578,-0.307252,0.397720,0.041346,0.000000,0.000000,0.318928
7.760285,-0.595125,-0.558021,-0.306784,0.397025,0.041322,0.000000,0.000000,0.320013
7.780126,-0.595209,-0.558165,-0.306185,0.394820,0.041286,0.000000,0.000000,0.321004
7.800061,-0.595292,-0.558189,-0.305742,0.391177,0.041310,0.000000,0.000000,0.322209
7.820067,-0.595304,-0.558225,-0.304783,0.390134,0.041322,0.000000,0.000000,0.323106
7.840062,-0.595292,-0.558201,-0.302805,0.386407,0.041322,0.000000,0.000000,0.324004
7.860080,-0.595304,-0.558141,-0.300924,0.385772,0.041322,0.000000,0.000000,0.325410
7.880069,-0.595304,-0.558177,-0.299761,0.386012,0.041370,0.000000,0.000000,0.327338
7.900072,-0.595304,-0.558621,-0.298371,0.385952,0.041322,0.000000,0.000000,0.329722
7.920064,-0.595664,-0.558992,-0.297185,0.385928,0.041286,0.000000,0.000000,0.332119
7.940324,-0.596515,-0.559675,-0.295687,0.385724,0.041262,0.000000,0.000000,0.334985
7.960070,-0.597857,-0.561101,-0.293290,0.384921,0.041310,0.000000,0.000000,0.337811
7.980414,-0.600086,-0.563390,-0.290030,0.381781,0.041310,0.000000,0.000000,0.341212
8.000072,-0.602639,-0.565799,-0.288952,0.378833,0.041298,0.000000,0.000000,0.344841
8.020179,-0.605671,-0.570653,-0.289012,0.377719,0.041322,0.000000,0.000000,0.349823
8.040219,-0.607073,-0.576801,-0.289072,0.376053,0.041286,0.000000,0.000000,0.355059
8.060339,-0.606342,-0.584902,-0.289083,0.371092,0.041286,0.000000,0.000000,0.361635
8.080389,-0.603154,-0.593135,-0.289072,0.360701,0.041322,0.000000,0.000000,0.368639
8.100061,-0.598828,-0.601177,-0.289095,0.343024,0.041322,0.000000,0.000000,0.376219
8.120059,-0.599355,-0.608020,-0.289072,0.339213,0.041262,0.000000,0.000000,0.382566
8.140059,-0.599307,-0.616049,-0.289383,0.338147,0.041310,0.000000,0.000000,0.387776
8.160071,-0.600877,-0.624738,-0.289623,0.338303,0.041370,0.000000,0.000000,0.392744
8.181331,-0.602579,-0.634565,-0.289623,0.338159,0.041310,0.000000,0.000000,0.399346
8.200119,-0.603669,-0.644164,-0.289539,0.338135,0.041346,0.000000,0.000000,0.405908
8.220072,-0.603669,-0.659696,-0.289215,0.338123,0.041334,0.000000,0.000000,0.414064
8.240071,-0.602219,-0.676246,-0.289527,0.338303,0.041346,0.000000,0.000000,0.422956
8.260096,-0.601524,-0.690040,-0.289934,0.338794,0.041322,0.000000,0.000000,0.430965
8.280081,-0.601249,-0.706973,-0.289898,0.339309,0.041298,0.000000,0.000000,0.438210
8.300073,-0.601249,-0.715854,-0.289934,0.342018,0.041298,0.000000,0.000000,0.445776
8.320071,-0.601273,-0.728569,-0.289886,0.347159,0.041262,0.000000,0.000000,0.452472
8.340072,-0.600362,-0.741440,-0.289934,0.351989,0.041298,0.000000,0.000000,0.459436
8.360339,-0.594525,-0.753952,-0.290354,0.357250,0.041298,0.000000,0.000000,0.466815
8.380353,-0.589600,-0.764606,-0.290797,0.359623,0.041226,0.000000,0.000000,0.472533
8.400089,-0.584890,-0.775583,-0.290761,0.359826,0.041214,0.000000,0.000000,0.476497
8.420073,-0.580132,-0.786105,-0.290581,0.359910,0.041214,0.000000,0.000000,0.480180
8.440222,-0.575698,-0.794590,-0.290522,0.360090,0.041238,0.000000,0.000000,0.483247
8.460095,-0.571036,-0.804345,-0.289970,0.360270,0.041238,0.000000,0.000000,0.486072
8.480112,-0.562396,-0.816929,-0.289946,0.359707,0.041238,0.000000,0.000000,0.489460
8.500220,-0.552113,-0.831609,-0.289934,0.359455,0.041202,0.000000,0.000000,0.494188
8.520073,-0.549117,-0.845811,-0.289575,0.359383,0.041286,0.000000,0.000000,0.498928
8.540071,-0.541675,-0.861318,-0.288760,0.357789,0.041298,0.000000,0.000000,0.503964
8.560080,-0.533586,-0.874609,-0.288760,0.357837,0.041286,0.000000,0.000000,0.509602
8.580084,-0.517095,-0.892801,-0.288868,0.355788,0.041262,0.000000,0.000000,0.515588
8.600088,-0.508395,-0.911101,-0.288976,0.347866,0.041238,0.000000,0.000000,0.523623
8.620071,-0.492660,-0.924211,-0.288880,0.342761,0.041154,0.000000,0.000000,0.530828
8.640071,-0.472238,-0.942583,-0.288916,0.334396,0.041070,0.000000,0.000000,0.537792
8.660475,-0.462220,-0.952075,-0.289263,0.317366,0.040998,0.000000,0.000000,0.545988
8.680223,-0.447503,-0.962705,-0.289671,0.305430,0.040962,0.000000,0.000000,0.551358
8.700462,-0.430342,-0.976427,-0.289803,0.293050,0.040267,0.000000,0.000000,0.557531
8.720386,-0.421054,-0.987620,-0.290174,0.279952,0.040087,0.000000,0.000000,0.562366
8.740429,-0.413779,-0.994403,-0.290629,0.268818,0.040075,0.000000,0.000000,0.565781
8.760210,-0.405163,-0.999005,-0.291097,0.262550,0.039967,0.000000,0.000000,0.567816
8.780074,-0.404180,-1.002864,-0.292367,0.256139,0.039979,0.000000,0.000000,0.569544
8.800455,-0.403832,-1.007717,-0.292343,0.247294,0.039979,0.000000,0.000000,0.570977
8.820266,-0.403521,-1.013398,-0.292379,0.233501,0.040003,0.000000,0.000000,0.573133
8.840070,-0.397888,-1.022997,-0.291936,0.221828,0.040027,0.000000,0.000000,0.575343
8.860078,-0.395911,-1.024220,-0.291864,0.211941,0.040039,0.000000,0.000000,0.576776
8.880215,-0.396282,-1.024927,-0.292727,0.199358,0.040171,0.000000,0.000000,0.577017
8.900071,-0.396366,-1.024567,-0.293494,0.186834,0.040195,0.000000,0.000000,0.576976
8.920371,-0.397145,-1.024591,-0.293542,0.175485,0.040159,0.000000,0.000000,0.576816
8.940069,-0.397037,-1.024603,-0.293530,0.159510,0.040195,0.000000,0.000000,0.577017
8.960081,-0.396798,-1.024579,-0.293614,0.146783,0.040207,0.000000,0.000000,0.577191
8.980087,-0.397804,-1.024436,-0.293745,0.135542,0.040111,0.000000,0.000000,0.577137
9.000074,-0.396690,-1.023621,-0.294704,0.117469,0.040183,0.000000,0.000000,0.577110
9.020069,-0.395144,-1.023153,-0.295231,0.106576,0.040183,0.000000,0.000000,0.577030
9.040070,-0.395923,-1.022854,-0.296406,0.096425,0.040135,0.000000,0.000000,0.576909
9.060076,-0.395791,-1.023045,-0.299222,0.083194,0.040195,0.000000,0.000000,0.577204
9.080087,-0.395635,-1.022602,-0.302350,0.073176,0.040195,0.000000,0.000000,0.577432
9.100070,-0.397661,-1.020684,-0.304795,0.068214,0.040171,0.000000,0.000000,0.577418
9.120082,-0.399830,-1.018396,-0.306197,0.066405,0.040171,0.000000,0.000000,0.577405
9.140627,-0.401675,-1.015795,-0.307180,0.067867,0.040159,0.000000,0.000000,0.577874
9.160231,-0.406505,-1.014944,-0.308905,0.069952,0.040159,0.000000,0.000000,0.580190
9.180410,-0.407044,-1.016011,-0.311039,0.070887,0.040135,0.000000,0.000000,0.585065
9.200181,-0.406936,-1.017820,-0.311290,0.071486,0.040135,0.000000,0.000000,0.590569
9.220105,-0.407584,-1.019774,-0.311338,0.072984,0.040135,0.000000,0.000000,0.596689
9.247767,-0.407967,-1.022171,-0.311314,0.079491,0.040159,0.000000,0.000000,0.606881
9.260116,-0.407787,-1.022350,-0.311350,0.083566,0.040135,0.000000,0.000000,0.611742
9.280063,-0.407643,-1.026065,-0.311314,0.090876,0.040135,0.000000,0.000000,0.619616
9.300057,-0.407919,-1.028834,-0.311326,0.100032,0.040135,0.000000,0.000000,0.627223
9.320059,-0.409717,-1.032321,-0.311194,0.116355,0.040123,0.000000,0.000000,0.635271
9.340059,-0.410412,-1.034862,-0.310727,0.123174,0.040135,0.000000,0.000000,0.645222
9.360070,-0.410124,-1.036707,-0.310895,0.131922,0.040123,0.000000,0.000000,0.655199
9.380062,-0.410304,-1.037918,-0.310859,0.143871,0.040099,0.000000,0.000000,0.664519
9.400065,-0.410616,-1.039560,-0.311230,0.156814,0.040111,0.000000,0.000000,0.674764
9.422218,-0.409309,-1.042340,-0.311266,0.164196,0.040123,0.000000,0.000000,0.685170
9.440058,-0.405762,-1.046978,-0.311290,0.173735,0.040111,0.000000,0.000000,0.696901
9.460062,-0.405139,-1.050573,-0.311326,0.188788,0.040111,0.000000,0.000000,0.706289
9.480429,-0.407044,-1.051580,-0.311326,0.200520,0.040099,0.000000,0.000000,0.714297
9.500085,-0.406349,-1.052287,-0.311913,0.213595,0.040087,0.000000,0.000000,0.723390
9.520061,-0.407607,-1.052862,-0.312453,0.233764,0.040099,0.000000,0.000000,0.732296
9.540242,-0.407763,-1.055606,-0.312620,0.245844,0.040039,0.000000,0.000000,0.741670
9.560253,-0.406002,-1.059130,-0.312932,0.264456,0.040039,0.000000,0.000000,0.750991
9.580334,-0.407020,-1.062234,-0.312764,0.280143,0.040015,0.000000,0.000000,0.758718
9.600369,-0.406697,-1.064667,-0.313387,0.297784,0.040027,0.000000,0.000000,0.766324
9.620186,-0.408039,-1.064511,-0.313543,0.316168,0.040039,0.000000,0.000000,0.772083
9.640073,-0.407200,-1.064846,-0.314826,0.329255,0.040051,0.000000,0.000000,0.778471
9.660076,-0.408039,-1.065050,-0.314945,0.346883,0.040039,0.000000,0.000000,0.783024
9.680320,-0.407691,-1.065062,-0.315077,0.359107,0.040027,0.000000,0.000000,0.787926
9.700136,-0.405942,-1.064774,-0.315161,0.368910,0.039955,0.000000,0.000000,0.792117
9.720075,-0.405426,-1.064679,-0.314945,0.383759,0.039872,0.000000,0.000000,0.795385
9.740068,-0.405426,-1.064691,-0.314430,0.395228,0.039860,0.000000,0.000000,0.797889
9.760061,-0.404468,-1.064846,-0.314442,0.402334,0.039884,0.000000,0.000000,0.800059
9.780070,-0.404575,-1.065218,-0.314574,0.408758,0.039872,0.000000,0.000000,0.800983
9.800057,-0.404528,-1.065158,-0.314298,0.419352,0.039860,0.000000,0.000000,0.800822
9.820064,-0.404528,-1.065362,-0.313975,0.427058,0.039836,0.000000,0.000000,0.800715
9.840071,-0.404288,-1.066332,-0.314119,0.427597,0.039860,0.000000,0.000000,0.800715
9.860373,-0.402394,-1.066944,-0.314154,0.430869,0.039872,0.000000,0.000000,0.800688
9.880506,-0.400908,-1.066884,-0.314131,0.430821,0.039884,0.000000,0.000000,0.800648
9.900188,-0.397553,-1.066836,-0.314071,0.430246,0.039919,0.000000,0.000000,0.799148
9.920406,-0.395288,-1.066692,-0.313939,0.430198,0.039991,0.000000,0.000000,0.795706
9.940225,-0.393850,-1.066069,-0.313795,0.430186,0.040135,0.000000,0.000000,0.791099
9.960641,-0.392507,-1.065901,-0.313028,0.429838,0.040207,0.000000,0.000000,0.785006
9.980253,-0.392483,-1.065877,-0.312968,0.429011,0.040243,0.000000,0.000000,0.778350
10.000076,-0.392340,-1.064679,-0.311578,0.427250,0.040267,0.000000,0.000000,0.771253
10.020540,-0.391285,-1.061023,-0.310931,0.424961,0.040315,0.000000,0.000000,0.763807
10.040205,-0.389667,-1.058243,-0.310931,0.423762,0.040351,0.000000,0.000000,0.756522
10.060076,-0.387078,-1.057236,-0.311063,0.423738,0.040351,0.000000,0.000000,0.749531
10.080105,-0.382548,-1.057668,-0.311182,0.423726,0.040411,0.000000,0.000000,0.742139
10.100056,-0.377335,-1.058962,-0.311122,0.423606,0.040423,0.000000,0.000000,0.734345
10.120063,-0.368874,-1.060808,-0.311170,0.422048,0.040483,0.000000,0.000000,0.726925
10.140058,-0.356555,-1.063456,-0.311110,0.418693,0.040459,0.000000,0.000000,0.720377
10.160059,-0.352240,-1.064379,-0.310631,0.415253,0.040411,0.000000,0.000000,0.713775
10.180064,-0.350215,-1.064451,-0.309912,0.412197,0.040447,0.000000,0.000000,0.705579
10.200057,-0.349844,-1.064451,-0.309732,0.407368,0.040447,0.000000,0.000000,0.696352
10.220460,-0.347351,-1.064319,-0.309720,0.394245,0.040495,0.000000,0.000000,0.687071
10.240393,-0.343564,-1.064355,-0.309792,0.383795,0.040531,0.000000,0.000000,0.678313
10.260076,-0.340975,-1.064427,-0.309565,0.370636,0.040543,0.000000,0.000000,0.670211
10.280075,-0.333785,-1.064415,-0.310104,0.350275,0.040878,0.000000,0.000000,0.663368
10.300236,-0.317714,-1.064439,-0.310895,0.335175,0.040986,0.000000,0.000000,0.657944
10.320220,-0.315952,-1.066344,-0.311039,0.315041,0.041118,0.000000,0.000000,0.651917
10.340056,-0.308594,-1.066344,-0.310691,0.300660,0.041394,0.000000,0.000000,0.644003
10.360254,-0.307947,-1.065709,-0.310044,0.285189,0.041405,0.000000,0.000000,0.635767
10.380178,-0.306772,-1.065613,-0.310212,0.265786,0.041465,0.000000,0.000000,0.627290
10.400062,-0.306892,-1.062845,-0.309541,0.254749,0.041597,0.000000,0.000000,0.617393
10.420066,-0.304771,-1.060616,-0.309636,0.236676,0.042053,0.000000,0.000000,0.609572
10.440062,-0.300133,-1.058543,-0.309648,0.218808,0.042544,0.000000,0.000000,0.602059
10.460074,-0.289803,-1.058135,-0.310320,0.196194,0.042640,0.000000,0.000000,0.595350
10.480072,-0.274607,-1.058435,-0.311374,0.174574,0.042640,0.000000,0.000000,0.589846
10.500063,-0.267943,-1.057848,-0.311398,0.147430,0.042640,0.000000,0.000000,0.583016
10.520063,-0.261759,-1.055822,-0.310907,0.132102,0.042592,0.000000,0.000000,0.574927
10.540059,-0.250950,-1.053294,-0.311686,0.105725,0.042616,0.000000,0.000000,0.567656
10.560060,-0.238043,-1.052071,-0.312009,0.080258,0.042700,0.000000,0.000000,0.561683
10.580065,-0.228791,-1.050813,-0.313579,0.060580,0.042664,0.000000,0.000000,0.553219
10.600348,-0.228755,-1.048068,-0.312656,0.039488,0.042676,0.000000,0.000000,0.540470
10.620347,-0.228791,-1.043359,-0.312644,0.027947,0.042628,0.000000,0.000000,0.527855
10.640412,-0.230025,-1.039296,-0.312656,0.015987,0.042652,0.000000,0.000000,0.516030
10.660074,-0.229486,-1.032585,-0.312692,0.000156,0.042700,0.000000,0.000000,0.503254
10.680310,-0.229869,-1.023728,-0.312980,-0.010858,0.042700,0.000000,0.000000,0.488483
10.700262,-0.232063,-1.018455,-0.312644,-0.020900,0.042736,0.000000,0.000000,0.473069
10.720194,-0.231008,-1.012331,-0.312668,-0.034359,0.042676,0.000000,0.000000,0.458913
10.740079,-0.228695,-1.007502,-0.312644,-0.046499,0.042652,0.000000,0.000000,0.444357
10.760079,-0.228240,-1.001654,-0.311182,-0.050993,0.042676,0.000000,0.000000,0.427831
10.780162,-0.228395,-0.993732,-0.310152,-0.054912,0.042712,0.000000,0.000000,0.414412
10.800082,-0.229031,-0.986314,-0.310523,-0.058795,0.042736,0.000000,0.000000,0.398744
10.820061,-0.228671,-0.982299,-0.310535,-0.066932,0.042724,0.000000,0.000000,0.385084
10.840060,-0.227652,-0.977781,-0.310320,-0.080510,0.042712,0.000000,0.000000,0.372080
10.860062,-0.225975,-0.973598,-0.310152,-0.084788,0.042700,0.000000,0.000000,0.360657
10.880065,-0.224944,-0.969871,-0.310499,-0.091332,0.042760,0.000000,0.000000,0.349207
10.900058,-0.224932,-0.965593,-0.310499,-0.096161,0.042760,0.000000,0.000000,0.337663
10.920056,-0.224393,-0.960979,-0.310919,-0.102429,0.042724,0.000000,0.000000,0.327271
10.940055,-0.224117,-0.949786,-0.310847,-0.114605,0.042724,0.000000,0.000000,0.316919
10.960061,-0.223674,-0.946526,-0.310535,-0.121963,0.042676,0.000000,0.000000,0.306862
10.980061,-0.223482,-0.940594,-0.310236,-0.127908,0.042676,0.000000,0.000000,0.297367
11.000059,-0.224285,-0.935081,-0.310344,-0.131419,0.042724,0.000000,0.000000,0.288086
11.020057,-0.226646,-0.930096,-0.310439,-0.133552,0.042736,0.000000,0.000000,0.279529
11.040284,-0.230181,-0.925362,-0.310284,-0.134966,0.042724,0.000000,0.000000,0.271119
11.060291,-0.233165,-0.919562,-0.310391,-0.136105,0.042700,0.000000,0.000000,0.262441
11.080365,-0.235610,-0.910514,-0.310619,-0.137471,0.042724,0.000000,0.000000,0.253910
11.100132,-0.238246,-0.906607,-0.310727,-0.139820,0.042760,0.000000,0.000000,0.245406
11.120091,-0.239637,-0.899320,-0.310703,-0.144901,0.042724,0.000000,0.000000,0.237679
11.140068,-0.239493,-0.891015,-0.310679,-0.154129,0.042712,0.000000,0.000000,0.231291
11.160075,-0.239397,-0.881212,-0.310523,-0.163273,0.042700,0.000000,0.000000,0.225439
11.180077,-0.241015,-0.866855,-0.310739,-0.170392,0.042712,0.000000,0.000000,0.219922
11.200072,-0.244262,-0.859269,-0.310655,-0.174430,0.042736,0.000000,0.000000,0.214123
11.220069,-0.244586,-0.848136,-0.310799,-0.178229,0.042772,0.000000,0.000000,0.209356
11.240068,-0.246587,-0.834989,-0.311374,-0.184413,0.042796,0.000000,0.000000,0.206677
11.260071,-0.245940,-0.822657,-0.311566,-0.198998,0.042796,0.000000,0.000000,0.206275
11.280087,-0.245952,-0.811404,-0.311698,-0.209005,0.042736,0.000000,0.000000,0.206557
11.300061,-0.246599,-0.799635,-0.311698,-0.216747,0.042748,0.000000,0.000000,0.206530
11.320070,-0.247438,-0.783169,-0.312561,-0.228623,0.042688,0.000000,0.000000,0.206530
11.340071,-0.246827,-0.771628,-0.313579,-0.245149,0.042664,0.000000,0.000000,0.206637
11.360395,-0.248289,-0.756576,-0.313352,-0.250566,0.042532,0.000000,0.000000,0.208900
11.380080,-0.251932,-0.740505,-0.313531,-0.256894,0.042472,0.000000,0.000000,0.210641
11.400073,-0.254545,-0.727814,-0.313867,-0.268722,0.042496,0.000000,0.000000,0.212824
11.420071,-0.254773,-0.715374,-0.314250,-0.279292,0.042196,0.000000,0.000000,0.215141
11.440197,-0.255060,-0.705140,-0.314334,-0.282444,0.042053,0.000000,0.000000,0.217069
11.460104,-0.255396,-0.694785,-0.314658,-0.286603,0.042089,0.000000,0.000000,0.218730
11.480380,-0.257313,-0.685773,-0.314862,-0.288221,0.042053,0.000000,0.000000,0.219426
11.500371,-0.261268,-0.673777,-0.314945,-0.288053,0.042065,0.000000,0.000000,0.218998
11.520291,-0.269190,-0.667617,-0.314993,-0.287406,0.042089,0.000000,0.000000,0.217806
11.540089,-0.279077,-0.659013,-0.315185,-0.286986,0.042089,0.000000,0.000000,0.216962
11.560066,-0.280323,-0.651546,-0.315245,-0.286555,0.042089,0.000000,0.000000,0.215998
11.580164,-0.282540,-0.644679,-0.315317,-0.286243,0.042077,0.000000,0.000000,0.215235
11.600070,-0.287142,-0.632348,-0.315641,-0.286147,0.042065,0.000000,0.000000,0.215154
11.620056,-0.290342,-0.632048,-0.316647,-0.286099,0.042029,0.000000,0.000000,0.215248
11.640056,-0.290809,-0.628429,-0.318541,-0.286135,0.041981,0.000000,0.000000,0.216708
11.660067,-0.290725,-0.625636,-0.319847,-0.285632,0.041969,0.000000,0.000000,0.218355
11.680059,-0.290749,-0.623096,-0.320314,-0.284601,0.041825,0.000000,0.000000,0.219627
11.700062,-0.290725,-0.621538,-0.320386,-0.283583,0.041777,0.000000,0.000000,0.220283
11.720055,-0.290653,-0.621322,-0.320374,-0.283271,0.041765,0.000000,0.000000,0.220752
11.740056,-0.290713,-0.621406,-0.320446,-0.283259,0.041753,0.000000,0.000000,0.220873
11.760065,-0.290761,-0.621478,-0.321009,-0.283259,0.041753,0.000000,0.000000,0.220819
11.780065,-0.290761,-0.621406,-0.321561,-0.283259,0.041741,0.000000,0.000000,0.220739
11.800284,-0.290797,-0.621358,-0.322196,-0.283283,0.041765,0.000000,0.000000,0.220752
11.820201,-0.291169,-0.621358,-0.322412,-0.283235,0.041717,0.000000,0.000000,0.220806
11.840298,-0.291840,-0.621466,-0.322448,-0.283211,0.041669,0.000000,0.000000,0.220899
11.860322,-0.292894,-0.621538,-0.322448,-0.282995,0.041585,0.000000,0.000000,0.220953
11.880194,-0.294237,-0.621610,-0.322460,-0.282600,0.041537,0.000000,0.000000,0.220939
11.900354,-0.296034,-0.621634,-0.322460,-0.281845,0.041525,0.000000,0.000000,0.220899
11.920305,-0.298180,-0.621574,-0.322472,-0.281174,0.041501,0.000000,0.000000,0.220886
11.940305,-0.300696,-0.621490,-0.322436,-0.280587,0.041501,0.000000,0.000000,0.220859
11.960080,-0.304627,-0.621382,-0.322364,-0.279328,0.041489,0.000000,0.000000,0.220832
11.980075,-0.314921,-0.621118,-0.322232,-0.277842,0.041465,0.000000,0.000000,0.220725
12.000069,-0.319571,-0.620555,-0.322112,-0.276164,0.041429,0.000000,0.000000,0.220752
12.020256,-0.319967,-0.619608,-0.322076,-0.275134,0.041441,0.000000,0.000000,0.220832
12.040393,-0.323203,-0.618026,-0.322064,-0.275134,0.041417,0.000000,0.000000,0.221261
12.060407,-0.325707,-0.616277,-0.322088,-0.275146,0.041346,0.000000,0.000000,0.221823
12.080064,-0.327038,-0.614743,-0.322076,-0.275170,0.041274,0.000000,0.000000,0.222801
12.100061,-0.327241,-0.613892,-0.322088,-0.275134,0.041010,0.000000,0.000000,0.224194
12.120414,-0.327205,-0.613784,-0.322112,-0.274631,0.040327,0.000000,0.000000,0.225881
12.140520,-0.327193,-0.614096,-0.322160,-0.274175,0.040255,0.000000,0.000000,0.227769
12.160583,-0.327205,-0.614611,-0.322280,-0.274031,0.040051,0.000000,0.000000,0.229845
12.180074,-0.327265,-0.615246,-0.322352,-0.274043,0.039991,0.000000,0.000000,0.231800
12.200069,-0.327361,-0.615594,-0.322460,-0.274043,0.039919,0.000000,0.000000,0.233916
12.220136,-0.327577,-0.615594,-0.322507,-0.274019,0.039872,0.000000,0.000000,0.236246
12.240068,-0.327649,-0.615642,-0.322651,-0.274043,0.039836,0.000000,0.000000,0.238737
12.260254,-0.327709,-0.616780,-0.322939,-0.274007,0.039788,0.000000,0.000000,0.241041
12.280272,-0.327876,-0.617511,-0.323466,-0.274007,0.039752,0.000000,0.000000,0.242889
12.300068,-0.328703,-0.617763,-0.324269,-0.273660,0.039704,0.000000,0.000000,0.244723
12.320069,-0.329770,-0.618098,-0.325120,-0.272893,0.039608,0.000000,0.000000,0.246572
12.340301,-0.330249,-0.618817,-0.325635,-0.272497,0.039560,0.000000,0.000000,0.248647
12.360076,-0.330297,-0.620148,-0.325719,-0.272509,0.039560,0.000000,0.000000,0.251018
12.380077,-0.330297,-0.622377,-0.325743,-0.272437,0.039500,0.000000,0.000000,0.253669
12.400069,-0.330297,-0.626320,-0.325731,-0.272294,0.039440,0.000000,0.000000,0.256803
12.420062,-0.330297,-0.630298,-0.325731,-0.271850,0.039404,0.000000,0.000000,0.259923
12.440093,-0.330309,-0.631916,-0.325791,-0.271119,0.039356,0.000000,0.000000,0.262843
12.460095,-0.330477,-0.635224,-0.325875,-0.270460,0.039320,0.000000,0.000000,0.265561
12.480080,-0.330813,-0.636926,-0.325923,-0.269945,0.039260,0.000000,0.000000,0.267717
12.500068,-0.331568,-0.637285,-0.325899,-0.269262,0.039033,0.000000,0.000000,0.269137
12.520367,-0.332610,-0.637285,-0.325863,-0.268135,0.038973,0.000000,0.000000,0.270208
12.540378,-0.333617,-0.637297,-0.325851,-0.266889,0.038949,0.000000,0.000000,0.270905
12.560271,-0.334012,-0.637249,-0.325887,-0.266301,0.038913,0.000000,0.000000,0.271601
12.580064,-0.333988,-0.637225,-0.325875,-0.266122,0.038889,0.000000,0.000000,0.272418
12.600316,-0.333976,-0.637201,-0.325851,-0.265606,0.038913,0.000000,0.000000,0.273154
12.620128,-0.333988,-0.637201,-0.325815,-0.264911,0.038889,0.000000,0.000000,0.273851
12.640256,-0.333976,-0.637201,-0.325815,-0.264384,0.038853,0.000000,0.000000,0.274547
12.660078,-0.333964,-0.637213,-0.325827,-0.264048,0.038853,0.000000,0.000000,0.275445
12.680288,-0.333845,-0.637165,-0.325827,-0.263989,0.038745,0.000000,0.000000,0.276127
12.700189,-0.333665,-0.637117,-0.325779,-0.263857,0.038745,0.000000,0.000000,0.276610
12.720069,-0.333653,-0.637105,-0.325779,-0.263078,0.038733,0.000000,0.000000,0.277052
12.740386,-0.333653,-0.637010,-0.325827,-0.261891,0.038745,0.000000,0.000000,0.277400
12.760068,-0.333653,-0.637105,-0.325743,-0.259830,0.038721,0.000000,0.000000,0.277761
12.780069,-0.333845,-0.637944,-0.325575,-0.256391,0.038709,0.000000,0.000000,0.278257
12.800074,-0.334000,-0.638603,-0.325563,-0.251034,0.038721,0.000000,0.000000,0.278926
12.820070,-0.334396,-0.638687,-0.325563,-0.242381,0.038721,0.000000,0.000000,0.279583
12.840566,-0.334648,-0.638651,-0.325551,-0.242393,0.038697,0.000000,0.000000,0.280453
12.860072,-0.334624,-0.638651,-0.325587,-0.239277,0.038685,0.000000,0.000000,0.281832
12.880481,-0.334648,-0.638543,-0.325767,-0.236892,0.038589,0.000000,0.000000,0.283466
12.900068,-0.334600,-0.638208,-0.325887,-0.235754,0.038397,0.000000,0.000000,0.285301
12.920071,-0.334600,-0.638088,-0.325875,-0.235454,0.038218,0.000000,0.000000,0.286962
12.940275,-0.334624,-0.638244,-0.325947,-0.235442,0.038134,0.000000,0.000000,0.288702
12.960282,-0.334636,-0.638292,-0.326019,-0.235466,0.038050,0.000000,0.000000,0.290122
12.980408,-0.334636,-0.638256,-0.326019,-0.235454,0.038026,0.000000,0.000000,0.291354
13.000204,-0.334624,-0.638004,-0.326031,-0.235430,0.038014,0.000000,0.000000,0.292318
13.020103,-0.334636,-0.637729,-0.326079,-0.235442,0.038014,0.000000,0.000000,0.293216
13.040060,-0.334648,-0.637153,-0.326103,-0.235442,0.037990,0.000000,0.000000,0.294073
13.060062,-0.334624,-0.636830,-0.325995,-0.235442,0.038014,0.000000,0.000000,0.294756
13.080061,-0.334600,-0.636974,-0.325839,-0.235286,0.037990,0.000000,0.000000,0.295706
13.100058,-0.334624,-0.637165,-0.325875,-0.235011,0.038002,0.000000,0.000000,0.296858
13.120061,-0.334624,-0.637285,-0.325911,-0.234567,0.038014,0.000000,0.000000,0.297916
13.140063,-0.334624,-0.637357,-0.325887,-0.233908,0.038014,0.000000,0.000000,0.298867
13.160064,-0.334636,-0.637393,-0.325851,-0.232758,0.038002,0.000000,0.000000,0.300139
13.180060,-0.334636,-0.637537,-0.325827,-0.231308,0.038038,0.000000,0.000000,0.301438
13.200065,-0.334624,-0.637537,-0.325767,-0.229498,0.038014,0.000000,0.000000,0.302871
13.220068,-0.334624,-0.637537,-0.325719,-0.227197,0.038014,0.000000,0.000000,0.304652
13.240067,-0.334636,-0.637537,-0.325659,-0.224033,0.038014,0.000000,0.000000,0.306380
13.260102,-0.334707,-0.637537,-0.325599,-0.219743,0.038014,0.000000,0.000000,0.308322
13.280077,-0.335606,-0.637549,-0.325444,-0.212516,0.038014,0.000000,0.000000,0.310397
13.300069,-0.339669,-0.637369,-0.324509,-0.197907,0.038014,0.000000,0.000000,0.311616
13.320227,-0.348142,-0.636722,-0.322555,-0.190813,0.038050,0.000000,0.000000,0.311991
13.340236,-0.362091,-0.635739,-0.319895,-0.177834,0.038050,0.000000,0.000000,0.312205
13.360126,-0.366717,-0.634601,-0.318229,-0.156742,0.038038,0.000000,0.000000,0.312178
13.380233,-0.374986,-0.634637,-0.317702,-0.147574,0.038062,0.000000,0.000000,0.312714
13.400098,-0.384250,-0.634553,-0.317127,-0.134978,0.038062,0.000000,0.000000,0.313946
13.420060,-0.401519,-0.634277,-0.315868,-0.116019,0.038074,0.000000,0.000000,0.314281
13.440057,-0.407272,-0.633858,-0.314526,-0.103592,0.038098,0.000000,0.000000,0.314294
13.460060,-0.418154,-0.634097,-0.313459,-0.089103,0.038062,0.000000,0.000000,0.315861
13.480062,-0.433817,-0.634409,-0.313172,-0.075153,0.038074,0.000000,0.000000,0.316317
13.500058,-0.447251,-0.634613,-0.312896,-0.058771,0.038074,0.000000,0.000000,0.316544
13.520057,-0.455556,-0.635344,-0.312153,-0.039656,0.038074,0.000000,0.000000,0.317174
13.540058,-0.473353,-0.636518,-0.311554,-0.025562,0.038074,0.000000,0.000000,0.318299
13.560059,-0.483767,-0.638232,-0.310080,-0.003907,0.038062,0.000000,0.000000,0.318982
13.580062,-0.496423,-0.641576,-0.309780,0.013219,0.038062,0.000000,0.000000,0.320240
13.600063,-0.512086,-0.647088,-0.309049,0.037559,0.038050,0.000000,0.000000,0.322798
13.620061,-0.524801,-0.655297,-0.308534,0.053797,0.038098,0.000000,0.000000,0.325396
13.640058,-0.532411,-0.665304,-0.308378,0.077562,0.038086,0.000000,0.000000,0.330900
13.660069,-0.539518,-0.676761,-0.309792,0.088492,0.038050,0.000000,0.000000,0.338052
13.680064,-0.550567,-0.685306,-0.310955,0.107954,0.038026,0.000000,0.000000,0.344962
13.700059,-0.561221,-0.697146,-0.310643,0.129298,0.037990,0.000000,0.000000,0.351015
13.720391,-0.568723,-0.710880,-0.310272,0.154057,0.038014,0.000000,0.000000,0.359479
13.740266,-0.575255,-0.715914,-0.310739,0.168103,0.038074,0.000000,0.000000,0.368759
13.760124,-0.585501,-0.723092,-0.310379,0.188356,0.038050,0.000000,0.000000,0.376942
13.780383,-0.599667,-0.725273,-0.310487,0.207519,0.038014,0.000000,0.000000,0.383504
13.800195,-0.606773,-0.725249,-0.310691,0.235538,0.038002,0.000000,0.000000,0.389651
13.820069,-0.620399,-0.725729,-0.310967,0.251932,0.037666,0.000000,0.000000,0.396172
13.840070,-0.636111,-0.725705,-0.310475,0.278106,0.037654,0.000000,0.000000,0.401529
13.860081,-0.643133,-0.725597,-0.310727,0.292475,0.037511,0.000000,0.000000,0.406082
13.880073,-0.653320,-0.726508,-0.311374,0.312345,0.037451,0.000000,0.000000,0.411935
13.900069,-0.668600,-0.726568,-0.311470,0.319895,0.037403,0.000000,0.000000,0.416823
13.920069,-0.675119,-0.726352,-0.312489,0.331400,0.037403,0.000000,0.000000,0.421215
13.940068,-0.680332,-0.726807,-0.312537,0.349136,0.037427,0.000000,0.000000,0.424952
13.960095,-0.685654,-0.727574,-0.312417,0.357993,0.037511,0.000000,0.000000,0.428206
13.980074,-0.686289,-0.730510,-0.312369,0.365543,0.037547,0.000000,0.000000,0.432786
14.000076,-0.686001,-0.736742,-0.312309,0.374891,0.037547,0.000000,0.000000,0.437741
14.020366,-0.686133,-0.737857,-0.311758,0.391549,0.037547,0.000000,0.000000,0.442683
14.040068,-0.685893,-0.738276,-0.310511,0.397241,0.037547,0.000000,0.000000,0.447825
14.060064,-0.684347,-0.747360,-0.310475,0.405582,0.037571,0.000000,0.000000,0.454414
14.080350,-0.683508,-0.752921,-0.311290,0.417231,0.037726,0.000000,0.000000,0.461003
14.100259,-0.686780,-0.757631,-0.311542,0.433242,0.037762,0.000000,0.000000,0.465368
14.120205,-0.692496,-0.760040,-0.311578,0.439258,0.037774,0.000000,0.000000,0.468716
14.140069,-0.701005,-0.760699,-0.311626,0.450511,0.037774,0.000000,0.000000,0.470779
14.160256,-0.713229,-0.760854,-0.311170,0.473449,0.037762,0.000000,0.000000,0.470953
14.180100,-0.724410,-0.760831,-0.311146,0.484882,0.037786,0.000000,0.000000,0.471355
14.200880,-0.734405,-0.761478,-0.311170,0.503925,0.037786,0.000000,0.000000,0.472680
14.220067,-0.749577,-0.761693,-0.311110,0.516676,0.037810,0.000000,0.000000,0.473176
14.247572,-0.760890,-0.761849,-0.311039,0.541208,0.037834,0.000000,0.000000,0.473671
14.260076,-0.766871,-0.762820,-0.311146,0.551706,0.037810,0.000000,0.000000,0.474033
14.280067,-0.777704,-0.764893,-0.310979,0.564972,0.037834,0.000000,0.000000,0.474810
14.300061,-0.792577,-0.767398,-0.310643,0.585154,0.037822,0.000000,0.000000,0.475171
14.320059,-0.798629,-0.769687,-0.310787,0.599906,0.037942,0.000000,0.000000,0.475198
14.340063,-0.805052,-0.773198,-0.310451,0.614959,0.038050,0.000000,0.000000,0.476564
14.360076,-0.813178,-0.775907,-0.310547,0.630322,0.038026,0.000000,0.000000,0.478010
14.380065,-0.826516,-0.776410,-0.310415,0.635883,0.038026,0.000000,0.000000,0.478399
14.400057,-0.833119,-0.776338,-0.310451,0.645087,0.038050,0.000000,0.000000,0.478546
14.420060,-0.836535,-0.776374,-0.310943,0.663878,0.038062,0.000000,0.000000,0.478667
14.440064,-0.844540,-0.777393,-0.311051,0.671201,0.038062,0.000000,0.000000,0.478760
14.460520,-0.848939,-0.779286,-0.311039,0.678355,0.038146,0.000000,0.000000,0.479604
14.480373,-0.853984,-0.780844,-0.311158,0.684060,0.038158,0.000000,0.000000,0.480394
14.500239,-0.862445,-0.782234,-0.310919,0.694270,0.038158,0.000000,0.000000,0.480180
14.520254,-0.864997,-0.782186,-0.310655,0.707237,0.038158,0.000000,0.000000,0.479778
14.540143,-0.871541,-0.783265,-0.310823,0.712031,0.038242,0.000000,0.000000,0.479885
14.560074,-0.873039,-0.784056,-0.311146,0.714787,0.038421,0.000000,0.000000,0.480033
14.580127,-0.873542,-0.784356,-0.311206,0.714715,0.038409,0.000000,0.000000,0.480113
14.600069,-0.873686,-0.784547,-0.310919,0.714535,0.038421,0.000000,0.000000,0.480059
14.620294,-0.873830,-0.785386,-0.310631,0.714440,0.038445,0.000000,0.000000,0.480086
14.640289,-0.874010,-0.786956,-0.310595,0.714452,0.038649,0.000000,0.000000,0.480180
14.660078,-0.874705,-0.787963,-0.310823,0.714464,0.038769,0.000000,0.000000,0.480220
14.680079,-0.875508,-0.788095,-0.311122,0.714464,0.038793,0.000000,0.000000,0.480166
14.700070,-0.875819,-0.788190,-0.311374,0.714464,0.038793,0.000000,0.000000,0.480126
14.720605,-0.875819,-0.788766,-0.311386,0.714428,0.038793,0.000000,0.000000,0.480099
14.740464,-0.875951,-0.789449,-0.311398,0.714404,0.038805,0.000000,0.000000,0.480086
14.760073,-0.876454,-0.790360,-0.311410,0.714428,0.038817,0.000000,0.000000,0.480046
14.780061,-0.877030,-0.791223,-0.311470,0.714428,0.038853,0.000000,0.000000,0.480019
14.800071,-0.877725,-0.791414,-0.311554,0.714428,0.038973,0.000000,0.000000,0.479872
14.820486,-0.878144,-0.791474,-0.311973,0.714428,0.039404,0.000000,0.000000,0.479778
14.840069,-0.878132,-0.791810,-0.312129,0.714452,0.039392,0.000000,0.000000,0.479577
14.860256,-0.878144,-0.792049,-0.312093,0.714428,0.039404,0.000000,0.000000,0.479229
14.880254,-0.878132,-0.792313,-0.312117,0.714583,0.039404,0.000000,0.000000,0.479068
14.900145,-0.878072,-0.792313,-0.312069,0.715027,0.039404,0.000000,0.000000,0.479055
14.920143,-0.877809,-0.792301,-0.311470,0.716285,0.039428,0.000000,0.000000,0.479068
14.940065,-0.877665,-0.792241,-0.310871,0.719245,0.039476,0.000000,0.000000,0.479068
14.960196,-0.878012,-0.792253,-0.310919,0.724422,0.039488,0.000000,0.000000,0.479041
14.980077,-0.880122,-0.792253,-0.310763,0.734214,0.039464,0.000000,0.000000,0.479055
