t_s,j15,j16,j17,j18,j19,j20,j21,j22,j23,j24,j25,j26,j27,j28,j12
0.001760,0.062570,-0.017042,0.281785,1.123833,0.249763,0.000000,0.000000,0.145800,0.037954,-0.398116,1.260728,-0.222847,0.000000,0.000000,-0.464203
0.020884,0.062570,-0.017078,0.281785,1.123809,0.249763,0.000000,0.000000,0.145800,0.037942,-0.398128,1.260717,-0.222823,0.000000,0.000000,-0.464243
0.040815,0.062570,-0.017078,0.281785,1.123821,0.249763,0.000000,0.000000,0.145800,0.037954,-0.398116,1.260728,-0.222811,0.000000,0.000000,-0.464257
0.060664,0.062570,-0.017090,0.281773,1.123821,0.249763,0.000000,0.000000,0.145812,0.037954,-0.398116,1.260705,-0.222823,0.000000,0.000000,-0.464243
0.080473,0.062570,-0.017101,0.281785,1.123821,0.249763,0.000000,0.000000,0.145812,0.037942,-0.398128,1.260717,-0.222847,0.000000,0.000000,-0.464257
0.100543,0.062594,-0.017113,0.281809,1.123821,0.249763,0.000000,0.000000,0.145800,0.037954,-0.398128,1.260717,-0.222811,0.000000,0.000000,-0.464230
0.120595,0.062582,-0.017185,0.281797,1.123809,0.249763,0.000000,0.000000,0.145800,0.037966,-0.398116,1.260717,-0.222835,0.000000,0.000000,-0.464230
0.140726,0.062546,-0.017185,0.281821,1.123821,0.249775,0.000000,0.000000,0.145812,0.037954,-0.398140,1.260717,-0.222823,0.000000,0.000000,-0.464243
0.160453,0.062522,-0.017233,0.281809,1.123833,0.249763,0.000000,0.000000,0.145800,0.037954,-0.398116,1.260728,-0.222835,0.000000,0.000000,-0.464297
0.180448,0.062450,-0.017233,0.281833,1.123833,0.249751,0.000000,0.000000,0.145824,0.037954,-0.398116,1.260728,-0.222847,0.000000,0.000000,-0.464377
0.200433,0.062378,-0.017293,0.281821,1.123821,0.249751,0.000000,0.000000,0.145872,0.037990,-0.398128,1.260728,-0.222835,0.000000,0.000000,-0.464391
0.220598,0.062438,-0.018096,0.281845,1.123809,0.249775,0.000000,0.000000,0.145920,0.037990,-0.398140,1.260741,-0.222847,0.000000,0.000000,-0.464351
0.240657,0.062486,-0.019666,0.281905,1.123737,0.249751,0.000000,0.000000,0.145920,0.037978,-0.398116,1.260741,-0.222811,0.000000,0.000000,-0.464284
0.260481,0.062522,-0.020948,0.281929,1.123737,0.249751,0.000000,0.000000,0.145920,0.037978,-0.398104,1.260717,-0.222847,0.000000,0.000000,-0.464163
0.280472,0.062642,-0.024220,0.281929,1.123629,0.249763,0.000000,0.000000,0.146040,0.038062,-0.398080,1.260741,-0.222835,0.000000,0.000000,-0.464177
0.300431,0.062618,-0.027132,0.281929,1.123545,0.249775,0.000000,0.000000,0.146208,0.038457,-0.398080,1.260800,-0.222823,0.000000,0.000000,-0.464163
0.320868,0.062582,-0.027264,0.281929,1.123533,0.249751,0.000000,0.000000,0.146255,0.039740,-0.398056,1.260800,-0.222859,0.000000,0.000000,-0.464163
0.340897,0.062570,-0.027216,0.281929,1.123485,0.249751,0.000000,0.000000,0.146279,0.041022,-0.398056,1.260800,-0.222859,0.000000,0.000000,-0.464163
0.360670,0.062630,-0.026988,0.281941,1.123509,0.249727,0.000000,0.000000,0.146303,0.042340,-0.398056,1.260728,-0.222871,0.000000,0.000000,-0.464177
0.380695,0.062558,-0.026653,0.281941,1.123497,0.249727,0.000000,0.000000,0.145824,0.042604,-0.398020,1.260633,-0.222883,0.000000,0.000000,-0.464150
0.400475,0.062462,-0.026293,0.281929,1.123437,0.249727,0.000000,0.000000,0.144769,0.042220,-0.398056,1.258955,-0.222895,0.000000,0.000000,-0.463560
0.420742,0.062725,-0.025454,0.281953,1.123449,0.249739,0.000000,0.000000,0.143319,0.040447,-0.398080,1.258284,-0.222871,0.000000,0.000000,-0.462369
0.440984,0.063433,-0.023729,0.281941,1.123437,0.249703,0.000000,0.000000,0.141558,0.039332,-0.398056,1.257864,-0.222871,0.000000,0.000000,-0.461083
0.460554,0.064415,-0.021907,0.281953,1.123425,0.249679,0.000000,0.000000,0.139221,0.037523,-0.398032,1.253766,-0.222895,0.000000,0.000000,-0.459637
0.480868,0.065410,-0.019930,0.281953,1.123437,0.249667,0.000000,0.000000,0.137076,0.034275,-0.398080,1.250338,-0.222859,0.000000,0.000000,-0.457708
0.500776,0.066081,-0.017329,0.281929,1.123449,0.249643,0.000000,0.000000,0.132665,0.029721,-0.398140,1.249751,-0.222859,0.000000,0.000000,-0.455673
0.520770,0.066273,-0.014537,0.281941,1.123425,0.249631,0.000000,0.000000,0.123857,0.024879,-0.398248,1.250218,-0.222859,0.000000,0.000000,-0.453932
0.540678,0.066668,-0.010654,0.281929,1.123425,0.249607,0.000000,0.000000,0.114258,0.018815,-0.398404,1.250889,-0.222811,0.000000,0.000000,-0.452807
0.561170,0.066872,-0.007514,0.281917,1.123401,0.249583,0.000000,0.000000,0.107870,0.012619,-0.398440,1.250913,-0.222811,0.000000,0.000000,-0.452151
0.581057,0.067136,-0.004542,0.281953,1.123425,0.249571,0.000000,0.000000,0.099349,0.006316,-0.398440,1.250063,-0.222823,0.000000,0.000000,-0.451776
0.600440,0.067471,-0.001091,0.281941,1.123425,0.249595,0.000000,0.000000,0.089978,-0.000216,-0.398428,1.249679,-0.222811,0.000000,0.000000,-0.451347
0.620914,0.068166,0.002097,0.281929,1.123413,0.249595,0.000000,0.000000,0.076411,-0.007011,-0.398547,1.251009,-0.222787,0.000000,0.000000,-0.451468
0.640595,0.069628,0.005800,0.281929,1.123413,0.249583,0.000000,0.000000,0.070635,-0.013231,-0.398655,1.250518,-0.222799,0.000000,0.000000,-0.451762
0.660434,0.071534,0.009539,0.281953,1.123401,0.249583,0.000000,0.000000,0.061539,-0.019247,-0.398547,1.248409,-0.222763,0.000000,0.000000,-0.451709
0.680773,0.074578,0.013386,0.281929,1.123174,0.249595,0.000000,0.000000,0.053030,-0.026006,-0.398392,1.248109,-0.222787,0.000000,0.000000,-0.451508
0.700759,0.082439,0.017653,0.281953,1.122586,0.249583,0.000000,0.000000,0.043167,-0.032154,-0.398559,1.248337,-0.222775,0.000000,0.000000,-0.451468
0.721078,0.087401,0.023573,0.281953,1.121987,0.249583,0.000000,0.000000,0.031782,-0.039069,-0.398499,1.248469,-0.222775,0.000000,0.000000,-0.451655
0.740620,0.087317,0.031039,0.281893,1.122095,0.249536,0.000000,0.000000,0.028199,-0.045672,-0.398452,1.247929,-0.222775,0.000000,0.000000,-0.451628
0.760683,0.092279,0.039656,0.281953,1.121747,0.249536,0.000000,0.000000,0.021104,-0.051724,-0.398655,1.247750,-0.222751,0.000000,0.000000,-0.450811
0.780691,0.096629,0.050142,0.281941,1.121448,0.249548,0.000000,0.000000,0.014753,-0.058004,-0.398475,1.248061,-0.222751,0.000000,0.000000,-0.449285
0.800499,0.100883,0.060844,0.282145,1.121484,0.249560,0.000000,0.000000,0.006987,-0.065002,-0.398499,1.248145,-0.222751,0.000000,0.000000,-0.447597
0.820818,0.105425,0.077370,0.282109,1.121711,0.249560,0.000000,0.000000,-0.002972,-0.069101,-0.398619,1.248253,-0.222763,0.000000,0.000000,-0.445548
0.840776,0.110722,0.090253,0.282264,1.121747,0.249548,0.000000,0.000000,-0.007814,-0.073056,-0.398571,1.248373,-0.222703,0.000000,0.000000,-0.443566
0.860442,0.120058,0.107678,0.282252,1.121843,0.249571,0.000000,0.000000,-0.010007,-0.078760,-0.398535,1.247977,-0.222511,0.000000,0.000000,-0.442281
0.880597,0.131215,0.125175,0.282228,1.121891,0.249560,0.000000,0.000000,-0.015603,-0.082787,-0.398571,1.248001,-0.222427,0.000000,0.000000,-0.441745
0.900459,0.143164,0.143403,0.282312,1.122071,0.249560,0.000000,0.000000,-0.020361,-0.082943,-0.398535,1.247474,-0.222367,0.000000,0.000000,-0.440714
0.920547,0.156406,0.161416,0.282276,1.122491,0.249560,0.000000,0.000000,-0.025502,-0.082751,-0.398619,1.247678,-0.222152,0.000000,0.000000,-0.439415
0.940611,0.171554,0.178337,0.282360,1.122335,0.249571,0.000000,0.000000,-0.033268,-0.081205,-0.398619,1.247726,-0.221456,0.000000,0.000000,-0.438785
0.960442,0.187601,0.194636,0.282348,1.122323,0.249536,0.000000,0.000000,-0.044162,-0.078449,-0.398679,1.247726,-0.220126,0.000000,0.000000,-0.438692
0.980428,0.205470,0.208957,0.282384,1.122323,0.249571,0.000000,0.000000,-0.048764,-0.075081,-0.398703,1.247702,-0.219000,0.000000,0.000000,-0.438745
1.000432,0.221540,0.220965,0.282384,1.122251,0.249560,0.000000,0.000000,-0.054528,-0.070575,-0.398955,1.247162,-0.218628,0.000000,0.000000,-0.438772
1.020552,0.240284,0.232051,0.282396,1.122251,0.249571,0.000000,0.000000,-0.062150,-0.065290,-0.399207,1.246611,-0.218544,0.000000,0.000000,-0.437714
1.041089,0.259159,0.239553,0.282696,1.121688,0.249560,0.000000,0.000000,-0.072061,-0.059070,-0.399398,1.246791,-0.218353,0.000000,0.000000,-0.436643
1.060778,0.270903,0.245377,0.282948,1.121472,0.249560,0.000000,0.000000,-0.083135,-0.050034,-0.399985,1.246587,-0.218209,0.000000,0.000000,-0.435558
1.080703,0.290893,0.247762,0.283451,1.120453,0.249548,0.000000,0.000000,-0.090613,-0.039117,-0.400357,1.245928,-0.217897,0.000000,0.000000,-0.434527
1.100368,0.297341,0.247978,0.283463,1.117865,0.249571,0.000000,0.000000,-0.098355,-0.029074,-0.400357,1.244897,-0.217729,0.000000,0.000000,-0.433482
1.120803,0.309481,0.246599,0.283439,1.118332,0.249560,0.000000,0.000000,-0.106084,-0.017090,-0.400549,1.241470,-0.217610,0.000000,0.000000,-0.430335
1.140879,0.321860,0.246072,0.283391,1.116390,0.249560,0.000000,0.000000,-0.116762,-0.000539,-0.400896,1.239660,-0.217538,0.000000,0.000000,-0.426947
1.160698,0.328847,0.242597,0.283235,1.115767,0.249571,0.000000,0.000000,-0.123174,0.009000,-0.400860,1.237216,-0.217430,0.000000,0.000000,-0.424081
1.180731,0.334827,0.235886,0.283283,1.115612,0.249536,0.000000,0.000000,-0.130724,0.025431,-0.400968,1.229534,-0.217382,0.000000,0.000000,-0.420559
1.200562,0.338758,0.228515,0.283283,1.115827,0.249571,0.000000,0.000000,-0.133301,0.043946,-0.400992,1.208537,-0.217370,0.000000,0.000000,-0.415711
1.220451,0.339249,0.221097,0.283211,1.116367,0.249560,0.000000,0.000000,-0.135817,0.061036,-0.397517,1.182663,-0.216100,0.000000,0.000000,-0.408560
1.240759,0.335391,0.211486,0.282840,1.116247,0.249571,0.000000,0.000000,-0.139209,0.059705,-0.381985,1.176084,-0.214649,0.000000,0.000000,-0.395315
1.260644,0.331687,0.201766,0.282708,1.115983,0.249595,0.000000,0.000000,-0.138837,0.059753,-0.385652,1.160013,-0.210335,0.000000,0.000000,-0.379928
1.280461,0.331160,0.197668,0.280946,1.116235,0.249536,0.000000,0.000000,-0.139077,0.059813,-0.396103,1.139868,-0.191975,0.000000,0.000000,-0.363496
1.300627,0.325839,0.189351,0.277866,1.116414,0.249571,0.000000,0.000000,-0.136788,0.059813,-0.402358,1.115743,-0.159390,0.000000,0.000000,-0.346408
1.320545,0.321788,0.182867,0.272965,1.116558,0.249583,0.000000,0.000000,-0.133169,0.059801,-0.402586,1.083662,-0.119722,0.000000,0.000000,-0.329749
1.340646,0.319919,0.176060,0.269333,1.116462,0.249571,0.000000,0.000000,-0.130748,0.059813,-0.400513,1.050238,-0.075273,0.000000,0.000000,-0.314763
1.360445,0.319511,0.167527,0.269465,1.116498,0.249571,0.000000,0.000000,-0.128723,0.059813,-0.399566,1.021499,-0.027600,0.000000,0.000000,-0.301492
1.380447,0.319907,0.162362,0.269190,1.116558,0.249583,0.000000,0.000000,-0.129142,0.059813,-0.399218,0.998166,0.014645,0.000000,0.000000,-0.288850
1.400444,0.319871,0.156250,0.269333,1.116570,0.249571,0.000000,0.000000,-0.128914,0.059813,-0.399087,0.973970,0.047290,0.000000,0.000000,-0.276918
1.420863,0.319883,0.150977,0.269286,1.116618,0.249560,0.000000,0.000000,-0.128063,0.059825,-0.398883,0.953741,0.071414,0.000000,0.000000,-0.266284
1.441049,0.322855,0.147514,0.269214,1.117122,0.249571,0.000000,0.000000,-0.126350,0.059813,-0.398871,0.929676,0.091248,0.000000,0.000000,-0.256066
1.460737,0.326199,0.145021,0.269298,1.118260,0.249560,0.000000,0.000000,-0.123857,0.059813,-0.398859,0.911496,0.111202,0.000000,0.000000,-0.246545
1.480458,0.329315,0.142145,0.269262,1.118236,0.249583,0.000000,0.000000,-0.122335,0.059813,-0.397792,0.889098,0.134823,0.000000,0.000000,-0.236514
1.500937,0.332562,0.140815,0.269274,1.118128,0.249571,0.000000,0.000000,-0.121292,0.059825,-0.398008,0.880960,0.165203,0.000000,0.000000,-0.226203
1.520747,0.335426,0.139880,0.269298,1.118116,0.249571,0.000000,0.000000,-0.120286,0.059813,-0.397541,0.872955,0.198027,0.000000,0.000000,-0.218194
1.540938,0.337236,0.139221,0.269310,1.118152,0.249560,0.000000,0.000000,-0.117421,0.059813,-0.397013,0.862684,0.228815,0.000000,0.000000,-0.210400
1.560710,0.338087,0.139029,0.269393,1.118500,0.249571,0.000000,0.000000,-0.112939,0.059825,-0.397049,0.856920,0.261580,0.000000,0.000000,-0.202579
1.580521,0.339321,0.138885,0.269453,1.118320,0.249583,0.000000,0.000000,-0.111429,0.059825,-0.397277,0.853924,0.296454,0.000000,0.000000,-0.195964
1.600559,0.339885,0.138681,0.269501,1.118428,0.249571,0.000000,0.000000,-0.111477,0.059813,-0.396462,0.854739,0.337440,0.000000,0.000000,-0.189937
1.620594,0.339693,0.138106,0.269525,1.118296,0.249571,0.000000,0.000000,-0.111489,0.059813,-0.395180,0.854991,0.380931,0.000000,0.000000,-0.183255
1.640491,0.339130,0.137867,0.269525,1.118320,0.249583,0.000000,0.000000,-0.111537,0.059813,-0.392687,0.855027,0.422444,0.000000,0.000000,-0.176733
1.660894,0.338806,0.137351,0.269525,1.118332,0.249583,0.000000,0.000000,-0.111777,0.059825,-0.387989,0.855062,0.461513,0.000000,0.000000,-0.170881
1.680850,0.338758,0.136297,0.269525,1.118320,0.249571,0.000000,0.000000,-0.112136,0.059813,-0.382584,0.855170,0.504716,0.000000,0.000000,-0.165510
1.700669,0.338962,0.135146,0.269513,1.118416,0.249571,0.000000,0.000000,-0.111765,0.059813,-0.372506,0.854775,0.557183,0.000000,0.000000,-0.160475
1.720760,0.339609,0.133828,0.269549,1.118751,0.249583,0.000000,0.000000,-0.111477,0.059789,-0.355740,0.854679,0.611136,0.000000,0.000000,-0.156484
1.740443,0.340256,0.132090,0.269657,1.119255,0.249595,0.000000,0.000000,-0.111825,0.059717,-0.337847,0.854751,0.657035,0.000000,0.000000,-0.152735
1.760416,0.340855,0.130472,0.269729,1.119291,0.249583,0.000000,0.000000,-0.111933,0.059586,-0.315940,0.854200,0.697770,0.000000,0.000000,-0.149186
1.781065,0.341191,0.129130,0.269765,1.119327,0.249571,0.000000,0.000000,-0.112784,0.059226,-0.293374,0.854523,0.737030,0.000000,0.000000,-0.145463
1.800487,0.341514,0.127944,0.269753,1.119351,0.249595,0.000000,0.000000,-0.112903,0.058986,-0.271874,0.853888,0.775643,0.000000,0.000000,-0.141981
1.820439,0.341514,0.127057,0.269741,1.119506,0.249571,0.000000,0.000000,-0.113251,0.058675,-0.248709,0.853804,0.807281,0.000000,0.000000,-0.138539
1.840930,0.341502,0.126290,0.269765,1.119506,0.249560,0.000000,0.000000,-0.112879,0.058495,-0.226622,0.853145,0.827571,0.000000,0.000000,-0.136102
1.860757,0.341646,0.125894,0.269801,1.119530,0.249583,0.000000,0.000000,-0.112472,0.058387,-0.200784,0.852750,0.845199,0.000000,0.000000,-0.134361
1.880754,0.342090,0.125762,0.269969,1.119578,0.249595,0.000000,0.000000,-0.112268,0.058327,-0.176516,0.852126,0.853684,0.000000,0.000000,-0.134093
1.900712,0.343060,0.125774,0.270184,1.119566,0.249583,0.000000,0.000000,-0.111837,0.058327,-0.150102,0.850688,0.853540,0.000000,0.000000,-0.134522
1.920962,0.343600,0.125798,0.270364,1.119638,0.249583,0.000000,0.000000,-0.111573,0.058327,-0.121844,0.849346,0.853552,0.000000,0.000000,-0.134562
1.940599,0.343863,0.125810,0.270412,1.119734,0.249571,0.000000,0.000000,-0.111226,0.058351,-0.101758,0.848267,0.853528,0.000000,0.000000,-0.134816
1.960665,0.343803,0.125858,0.270400,1.119686,0.249583,0.000000,0.000000,-0.110578,0.058363,-0.078485,0.847608,0.853528,0.000000,0.000000,-0.134830
1.980592,0.343456,0.125882,0.270448,1.119950,0.249595,0.000000,0.000000,-0.110219,0.058375,-0.058543,0.847093,0.853397,0.000000,0.000000,-0.134816
2.000609,0.343348,0.125858,0.270496,1.119890,0.249583,0.000000,0.000000,-0.110099,0.058375,-0.039812,0.845954,0.853361,0.000000,0.000000,-0.134776
2.020929,0.343036,0.125870,0.270508,1.120046,0.249571,0.000000,0.000000,-0.109859,0.058375,-0.021356,0.842791,0.853373,0.000000,0.000000,-0.134816
2.040422,0.342785,0.125930,0.270508,1.120022,0.249595,0.000000,0.000000,-0.108301,0.058351,-0.003008,0.834114,0.853349,0.000000,0.000000,-0.134816
2.060457,0.341838,0.125978,0.270508,1.120082,0.249583,0.000000,0.000000,-0.102849,0.057692,0.011349,0.814100,0.853349,0.000000,0.000000,-0.133892
2.080510,0.340903,0.126002,0.270592,1.120082,0.249595,0.000000,0.000000,-0.088707,0.055763,0.026461,0.784751,0.853325,0.000000,0.000000,-0.131857
2.100461,0.340580,0.126038,0.270700,1.120046,0.249571,0.000000,0.000000,-0.078772,0.051844,0.036120,0.744616,0.853325,0.000000,0.000000,-0.129620
2.120779,0.340903,0.126014,0.270688,1.120237,0.249583,0.000000,0.000000,-0.064391,0.052167,0.041885,0.700082,0.853301,0.000000,0.000000,-0.126995
2.140379,0.341095,0.126146,0.270688,1.121136,0.249595,0.000000,0.000000,-0.043994,0.052167,0.051544,0.656088,0.853325,0.000000,0.000000,-0.122991
2.160398,0.341431,0.126266,0.270820,1.121855,0.249595,0.000000,0.000000,-0.030835,0.052179,0.062498,0.611939,0.853337,0.000000,0.000000,-0.118505
2.180448,0.342521,0.126374,0.271047,1.122167,0.249595,0.000000,0.000000,-0.013770,0.052179,0.072660,0.572942,0.853433,0.000000,0.000000,-0.114260
2.200467,0.343408,0.126517,0.271131,1.122514,0.249571,0.000000,0.000000,0.005033,0.052155,0.085064,0.536378,0.853528,0.000000,0.000000,-0.108394
2.221051,0.344031,0.128411,0.271083,1.122718,0.249583,0.000000,0.000000,0.026593,0.052024,0.097480,0.505123,0.853708,0.000000,0.000000,-0.101109
2.240686,0.344762,0.130760,0.271083,1.122826,0.249583,0.000000,0.000000,0.048776,0.050202,0.111993,0.475402,0.854140,0.000000,0.000000,-0.092846
2.260668,0.345649,0.133672,0.271023,1.122934,0.249583,0.000000,0.000000,0.078149,0.050274,0.127980,0.446041,0.862385,0.000000,0.000000,-0.083190
2.280725,0.346895,0.136596,0.271011,1.123018,0.249583,0.000000,0.000000,0.105317,0.048584,0.147921,0.417411,0.896971,0.000000,0.000000,-0.074298
2.300736,0.348777,0.139317,0.270963,1.123018,0.249583,0.000000,0.000000,0.128651,0.047326,0.165922,0.387126,0.947113,0.000000,0.000000,-0.065942
2.320859,0.352276,0.142145,0.270891,1.123006,0.249595,0.000000,0.000000,0.159354,0.043934,0.186738,0.357262,0.999832,0.000000,0.000000,-0.058630
2.340515,0.361109,0.146303,0.270915,1.122910,0.249571,0.000000,0.000000,0.182412,0.041489,0.207279,0.324497,1.039703,0.000000,0.000000,-0.053139
2.360523,0.362379,0.151696,0.270915,1.122958,0.249583,0.000000,0.000000,0.199621,0.038577,0.229881,0.287645,1.068957,0.000000,0.000000,-0.048693
2.380563,0.368982,0.151792,0.270963,1.123150,0.249595,0.000000,0.000000,0.219000,0.037678,0.246839,0.251225,1.093009,0.000000,0.000000,-0.045519
2.400380,0.374315,0.152439,0.270999,1.123126,0.249595,0.000000,0.000000,0.233141,0.036013,0.267320,0.216327,1.115324,0.000000,0.000000,-0.042573
2.420762,0.379109,0.153865,0.271035,1.123281,0.249595,0.000000,0.000000,0.236688,0.034910,0.274990,0.184497,1.134750,0.000000,0.000000,-0.040537
2.440370,0.382405,0.154968,0.271215,1.123245,0.249583,0.000000,0.000000,0.237803,0.034287,0.284482,0.163597,1.150701,0.000000,0.000000,-0.038502
2.460437,0.383663,0.155891,0.271263,1.123209,0.249583,0.000000,0.000000,0.236221,0.034179,0.287657,0.146399,1.158719,0.000000,0.000000,-0.035395
2.480366,0.383663,0.156850,0.271251,1.123174,0.249595,0.000000,0.000000,0.232889,0.034335,0.287214,0.139472,1.156358,0.000000,0.000000,-0.031926
2.500488,0.382800,0.157569,0.271251,1.123102,0.249583,0.000000,0.000000,0.228144,0.034539,0.284506,0.138322,1.156466,0.000000,0.000000,-0.028083
2.520491,0.381026,0.157952,0.271215,1.123102,0.249595,0.000000,0.000000,0.221924,0.034539,0.280143,0.139916,1.156502,0.000000,0.000000,-0.023436
2.540517,0.378234,0.158108,0.271167,1.123102,0.249583,0.000000,0.000000,0.217298,0.034515,0.276464,0.140743,1.156622,0.000000,0.000000,-0.017838
2.560408,0.375418,0.158348,0.271155,1.123090,0.249571,0.000000,0.000000,0.214218,0.034539,0.276548,0.140695,1.156681,0.000000,0.000000,-0.011932
2.580441,0.375514,0.158515,0.271119,1.123018,0.249583,0.000000,0.000000,0.211701,0.034539,0.276572,0.140695,1.156693,0.000000,0.000000,-0.006388
2.600377,0.375478,0.158395,0.270987,1.123030,0.249583,0.000000,0.000000,0.209352,0.034551,0.276704,0.140491,1.156717,0.000000,0.000000,-0.001915
2.620498,0.375010,0.158000,0.270939,1.123030,0.249583,0.000000,0.000000,0.204331,0.034551,0.276704,0.140611,1.156729,0.000000,0.000000,0.002009
2.640548,0.373860,0.157796,0.270903,1.123054,0.249583,0.000000,0.000000,0.198686,0.034539,0.278358,0.141138,1.156789,0.000000,0.000000,0.005196
2.660774,0.372434,0.157820,0.270927,1.123054,0.249595,0.000000,0.000000,0.193941,0.034551,0.279185,0.142900,1.156825,0.000000,0.000000,0.008357
2.680754,0.371151,0.157808,0.270951,1.123042,0.249595,0.000000,0.000000,0.189435,0.034563,0.278034,0.145728,1.156837,0.000000,0.000000,0.011490
2.700647,0.369570,0.157856,0.270951,1.123030,0.249583,0.000000,0.000000,0.188416,0.034622,0.277135,0.147646,1.156957,0.000000,0.000000,0.014075
2.720798,0.368131,0.157820,0.270987,1.123030,0.249571,0.000000,0.000000,0.183526,0.034850,0.277135,0.148137,1.157113,0.000000,0.000000,0.016338
2.740510,0.366010,0.157832,0.270987,1.123006,0.249583,0.000000,0.000000,0.179344,0.034994,0.277183,0.148628,1.157209,0.000000,0.000000,0.019070
2.760483,0.363757,0.157820,0.270975,1.123018,0.249583,0.000000,0.000000,0.177127,0.035114,0.277135,0.148544,1.157520,0.000000,0.000000,0.021989
2.780455,0.360773,0.157844,0.270987,1.123054,0.249571,0.000000,0.000000,0.176036,0.035150,0.277135,0.148628,1.158443,0.000000,0.000000,0.025163
2.800447,0.358125,0.157844,0.270939,1.122982,0.249595,0.000000,0.000000,0.175904,0.035222,0.277135,0.149192,1.158982,0.000000,0.000000,0.029020
2.820606,0.355200,0.157832,0.270903,1.122910,0.249595,0.000000,0.000000,0.175916,0.035234,0.277195,0.150462,1.159006,0.000000,0.000000,0.032690
2.840458,0.352456,0.157808,0.270891,1.122898,0.249583,0.000000,0.000000,0.175976,0.035258,0.277135,0.151205,1.159030,0.000000,0.000000,0.036386
2.860475,0.349592,0.157820,0.270903,1.122910,0.249595,0.000000,0.000000,0.175952,0.035246,0.277159,0.151385,1.159126,0.000000,0.000000,0.040095
2.880475,0.346152,0.157832,0.270927,1.122886,0.249571,0.000000,0.000000,0.175725,0.035174,0.277171,0.151373,1.159510,0.000000,0.000000,0.043872
2.900375,0.340376,0.157832,0.270915,1.123066,0.249595,0.000000,0.000000,0.175581,0.035162,0.277183,0.151505,1.162937,0.000000,0.000000,0.048760
2.920480,0.332490,0.158132,0.270915,1.123030,0.249571,0.000000,0.000000,0.175569,0.035162,0.277183,0.151888,1.178097,0.000000,0.000000,0.054773
2.940373,0.332550,0.158647,0.270855,1.122898,0.249571,0.000000,0.000000,0.175221,0.035186,0.276967,0.152487,1.205901,0.000000,0.000000,0.061777
2.960716,0.331783,0.159198,0.270436,1.122886,0.249583,0.000000,0.000000,0.174131,0.035234,0.276200,0.154225,1.228898,0.000000,0.000000,0.068875
2.980404,0.329530,0.159438,0.269633,1.122682,0.249583,0.000000,0.000000,0.170967,0.035294,0.276308,0.158072,1.245748,0.000000,0.000000,0.074660
3.000490,0.327505,0.159414,0.269190,1.122766,0.249571,0.000000,0.000000,0.164160,0.035449,0.276368,0.163009,1.246491,0.000000,0.000000,0.079387
3.020940,0.326283,0.159151,0.268854,1.122730,0.249571,0.000000,0.000000,0.156154,0.035653,0.276129,0.169733,1.246527,0.000000,0.000000,0.083592
3.040790,0.325719,0.158815,0.268507,1.122766,0.249595,0.000000,0.000000,0.148113,0.035437,0.275817,0.180411,1.246563,0.000000,0.000000,0.086887
3.060856,0.325456,0.158431,0.267404,1.122730,0.249583,0.000000,0.000000,0.140024,0.035365,0.274810,0.196637,1.246647,0.000000,0.000000,0.089779
3.080523,0.324844,0.158467,0.265031,1.122742,0.249583,0.000000,0.000000,0.129861,0.035701,0.270652,0.212492,1.247007,0.000000,0.000000,0.093850
3.100605,0.324473,0.158755,0.257613,1.122706,0.249571,0.000000,0.000000,0.115564,0.036780,0.264516,0.235310,1.253023,0.000000,0.000000,0.097439
3.120379,0.324473,0.160085,0.240176,1.122251,0.249560,0.000000,0.000000,0.104574,0.038110,0.255072,0.257265,1.276008,0.000000,0.000000,0.101457
3.140803,0.324473,0.161152,0.221492,1.121256,0.249571,0.000000,0.000000,0.090733,0.039704,0.242800,0.280874,1.302841,0.000000,0.000000,0.106091
3.160479,0.323095,0.161224,0.204307,1.121040,0.249560,0.000000,0.000000,0.074350,0.040686,0.229534,0.297856,1.329027,0.000000,0.000000,0.112479
3.180471,0.321129,0.161439,0.185444,1.121064,0.249560,0.000000,0.000000,0.065877,0.041382,0.215428,0.316084,1.345888,0.000000,0.000000,0.118907
3.200454,0.318013,0.161404,0.167360,1.121268,0.249571,0.000000,0.000000,0.056673,0.041885,0.201203,0.326558,1.352588,0.000000,0.000000,0.126902
3.220480,0.313639,0.161799,0.146495,1.121148,0.249571,0.000000,0.000000,0.051137,0.041909,0.188871,0.328919,1.350323,0.000000,0.000000,0.137039
3.240565,0.308833,0.162099,0.127332,1.121100,0.249560,0.000000,0.000000,0.044473,0.042208,0.179008,0.329374,1.350562,0.000000,0.000000,0.147579
3.260579,0.303417,0.162854,0.109895,1.121316,0.249560,0.000000,0.000000,0.035497,0.042544,0.172022,0.329590,1.350598,0.000000,0.000000,0.158587
3.280437,0.290941,0.162854,0.100392,1.121328,0.249571,0.000000,0.000000,0.035437,0.042892,0.166125,0.329662,1.350610,0.000000,0.000000,0.169515
3.300426,0.288904,0.163153,0.089690,1.121652,0.249571,0.000000,0.000000,0.031219,0.043299,0.157161,0.329866,1.350766,0.000000,0.000000,0.181192
3.321222,0.285440,0.163621,0.079036,1.122083,0.249571,0.000000,0.000000,0.028307,0.043862,0.146603,0.330693,1.350790,0.000000,0.000000,0.193419
3.340397,0.279808,0.163716,0.071126,1.122131,0.249571,0.000000,0.000000,0.025910,0.044485,0.135649,0.332526,1.350946,0.000000,0.000000,0.206101
3.360724,0.275541,0.163213,0.070767,1.122059,0.249571,0.000000,0.000000,0.023417,0.045264,0.119854,0.336948,1.350982,0.000000,0.000000,0.217511
3.380764,0.272342,0.163069,0.070635,1.122550,0.249571,0.000000,0.000000,0.019594,0.046079,0.105737,0.345433,1.350982,0.000000,0.000000,0.227167
3.400735,0.270520,0.163069,0.070647,1.122898,0.249560,0.000000,0.000000,0.014824,0.046822,0.090037,0.353379,1.351018,0.000000,0.000000,0.235724
3.421126,0.270340,0.163057,0.070635,1.122934,0.249571,0.000000,0.000000,0.009911,0.047865,0.070383,0.355812,1.351269,0.000000,0.000000,0.242139
3.440464,0.270951,0.163057,0.070623,1.123233,0.249560,0.000000,0.000000,-0.000372,0.048788,0.061887,0.356615,1.351773,0.000000,0.000000,0.247830
3.460698,0.272593,0.163213,0.070731,1.123377,0.249571,0.000000,0.000000,-0.007262,0.048836,0.056230,0.357070,1.351940,0.000000,0.000000,0.251460
3.480548,0.274631,0.163513,0.070839,1.123533,0.249571,0.000000,0.000000,-0.010894,0.049699,0.052119,0.357993,1.351940,0.000000,0.000000,0.253683
3.500527,0.275625,0.163669,0.070863,1.123533,0.249560,0.000000,0.000000,-0.018552,0.049747,0.050058,0.358161,1.351964,0.000000,0.000000,0.257071
3.520638,0.275637,0.163705,0.070827,1.123545,0.249571,0.000000,0.000000,-0.027048,0.050166,0.040519,0.358892,1.351976,0.000000,0.000000,0.261544
3.540659,0.275134,0.163657,0.070767,1.123485,0.249536,0.000000,0.000000,-0.039284,0.050561,0.033160,0.361013,1.351988,0.000000,0.000000,0.266392
3.560457,0.274870,0.163441,0.070743,1.123533,0.249571,0.000000,0.000000,-0.050945,0.051604,0.022279,0.366154,1.352048,0.000000,0.000000,0.269833
3.580552,0.274786,0.163165,0.070731,1.123521,0.249560,0.000000,0.000000,-0.057944,0.052131,0.013231,0.375226,1.352060,0.000000,0.000000,0.272391
3.600454,0.274379,0.163117,0.070707,1.123521,0.249571,0.000000,0.000000,-0.072205,0.052647,0.002313,0.391021,1.352084,0.000000,0.000000,0.275177
3.620479,0.273120,0.163129,0.070599,1.123533,0.249571,0.000000,0.000000,-0.085951,0.052587,-0.009480,0.404432,1.352156,0.000000,0.000000,0.278538
3.640517,0.271263,0.163129,0.070575,1.123533,0.249571,0.000000,0.000000,-0.095394,0.052575,-0.023213,0.418273,1.352240,0.000000,0.000000,0.282529
3.660472,0.268543,0.163117,0.070479,1.123533,0.249560,0.000000,0.000000,-0.106312,0.052527,-0.039236,0.434272,1.352300,0.000000,0.000000,0.287645
3.680374,0.264168,0.163141,0.070347,1.123713,0.249571,0.000000,0.000000,-0.119015,0.052419,-0.054600,0.441751,1.352312,0.000000,0.000000,0.294274
3.700775,0.255300,0.163453,0.070311,1.124036,0.249571,0.000000,0.000000,-0.124061,0.052227,-0.071198,0.450607,1.352336,0.000000,0.000000,0.301599
3.720577,0.252160,0.163908,0.070204,1.124492,0.249571,0.000000,0.000000,-0.131683,0.052143,-0.088683,0.464748,1.352408,0.000000,0.000000,0.310893
3.740772,0.244310,0.164711,0.069640,1.124252,0.249571,0.000000,0.000000,-0.139017,0.051988,-0.098558,0.468356,1.352456,0.000000,0.000000,0.320254
3.760719,0.237120,0.165346,0.066488,1.124492,0.249571,0.000000,0.000000,-0.143427,0.051988,-0.109164,0.472238,1.352456,0.000000,0.000000,0.329521
3.780746,0.229989,0.167240,0.054384,1.124492,0.249571,0.000000,0.000000,-0.148005,0.051964,-0.120621,0.474144,1.352480,0.000000,0.000000,0.339645
3.800664,0.222140,0.169253,0.033496,1.124516,0.249571,0.000000,0.000000,-0.155771,0.051940,-0.121820,0.474252,1.352504,0.000000,0.000000,0.351336
3.820769,0.214673,0.170308,0.017880,1.124708,0.249571,0.000000,0.000000,-0.161595,0.051928,-0.127896,0.474276,1.352492,0.000000,0.000000,0.362706
3.840901,0.207519,0.170751,0.000767,1.124779,0.249571,0.000000,0.000000,-0.161715,0.051940,-0.134451,0.474300,1.352468,0.000000,0.000000,0.375053
3.860579,0.200820,0.170548,-0.013554,1.124767,0.249560,0.000000,0.000000,-0.166808,0.051892,-0.139185,0.474420,1.352456,0.000000,0.000000,0.386758
3.880373,0.195487,0.170080,-0.030044,1.124792,0.249560,0.000000,0.000000,-0.171734,0.051868,-0.142097,0.474539,1.352420,0.000000,0.000000,0.398663
3.900607,0.189818,0.170044,-0.050094,1.124875,0.249583,0.000000,0.000000,-0.175773,0.051832,-0.150198,0.475019,1.352420,0.000000,0.000000,0.411305
3.920911,0.183035,0.169757,-0.069293,1.126074,0.249571,0.000000,0.000000,-0.180423,0.051820,-0.164999,0.475486,1.352348,0.000000,0.000000,0.424188
3.940621,0.174538,0.169769,-0.089187,1.128291,0.249571,0.000000,0.000000,-0.185456,0.051832,-0.180482,0.475858,1.352336,0.000000,0.000000,0.437178
3.960444,0.170859,0.169637,-0.106612,1.129705,0.249571,0.000000,0.000000,-0.196146,0.051328,-0.201239,0.477907,1.352300,0.000000,0.000000,0.451829
3.980472,0.165742,0.169637,-0.122395,1.130484,0.249583,0.000000,0.000000,-0.205338,0.050789,-0.225675,0.481047,1.352288,0.000000,0.000000,0.465288
4.000351,0.160121,0.169169,-0.130700,1.131191,0.249571,0.000000,0.000000,-0.210155,0.050717,-0.253023,0.484295,1.352180,0.000000,0.000000,0.478318
4.020443,0.155112,0.168714,-0.136788,1.131203,0.249571,0.000000,0.000000,-0.218305,0.050729,-0.282912,0.488393,1.352084,0.000000,0.000000,0.491509
4.040564,0.150126,0.168714,-0.149311,1.131479,0.249571,0.000000,0.000000,-0.230325,0.050334,-0.307995,0.497777,1.351988,0.000000,0.000000,0.504834
4.060451,0.142097,0.168930,-0.163237,1.133312,0.249583,0.000000,0.000000,-0.246228,0.047709,-0.335654,0.509593,1.351653,0.000000,0.000000,0.516298
4.080483,0.129753,0.168594,-0.168330,1.140659,0.249583,0.000000,0.000000,-0.246516,0.044414,-0.362031,0.516736,1.351653,0.000000,0.000000,0.528283
4.100454,0.124756,0.168498,-0.168942,1.153134,0.249571,0.000000,0.000000,-0.249871,0.038961,-0.379325,0.516304,1.351701,0.000000,0.000000,0.542707
4.120837,0.114581,0.168510,-0.169816,1.165957,0.249571,0.000000,0.000000,-0.250338,0.033364,-0.391872,0.513692,1.351713,0.000000,0.000000,0.556500
4.140981,0.101914,0.168522,-0.170464,1.177031,0.249571,0.000000,0.000000,-0.250135,0.029877,-0.404252,0.509509,1.351725,0.000000,0.000000,0.568874
4.161041,0.088743,0.168510,-0.170488,1.190693,0.249595,0.000000,0.000000,-0.249883,0.027708,-0.415134,0.507232,1.351701,0.000000,0.000000,0.580512
4.180777,0.080510,0.168510,-0.170488,1.202821,0.249583,0.000000,0.000000,-0.250147,0.028139,-0.426087,0.504979,1.351461,0.000000,0.000000,0.590583
4.200346,0.073643,0.168510,-0.170476,1.212085,0.249583,0.000000,0.000000,-0.250818,0.031087,-0.438035,0.505123,1.351221,0.000000,0.000000,0.598805
4.220660,0.065674,0.168486,-0.170476,1.220785,0.249595,0.000000,0.000000,-0.250938,0.033688,-0.448821,0.504080,1.351066,0.000000,0.000000,0.605742
4.240957,0.056985,0.168510,-0.170476,1.228934,0.249583,0.000000,0.000000,-0.250123,0.033412,-0.452572,0.500569,1.350550,0.000000,0.000000,0.610563
4.260462,0.055032,0.168510,-0.170428,1.236269,0.249595,0.000000,0.000000,-0.250207,0.033460,-0.457330,0.498136,1.349532,0.000000,0.000000,0.613576
4.280457,0.052647,0.168510,-0.170428,1.239600,0.249595,0.000000,0.000000,-0.251932,0.035545,-0.467828,0.497106,1.348309,0.000000,0.000000,0.614447
4.300440,0.052563,0.168510,-0.170440,1.239373,0.249583,0.000000,0.000000,-0.253922,0.037583,-0.477164,0.495020,1.348249,0.000000,0.000000,0.614246
4.320506,0.052503,0.168510,-0.170440,1.239409,0.249583,0.000000,0.000000,-0.254389,0.038194,-0.484211,0.488165,1.348153,0.000000,0.000000,0.613871
4.340531,0.052479,0.168486,-0.170416,1.239397,0.249595,0.000000,0.000000,-0.251729,0.038937,-0.485062,0.470465,1.348130,0.000000,0.000000,0.613911
4.360438,0.052707,0.168259,-0.170416,1.239409,0.249595,0.000000,0.000000,-0.246983,0.039081,-0.485373,0.446257,1.348058,0.000000,0.000000,0.613911
4.380450,0.053138,0.167923,-0.170416,1.239457,0.249583,0.000000,0.000000,-0.246276,0.039200,-0.485229,0.418705,1.348022,0.000000,0.000000,0.613911
4.400439,0.053641,0.167671,-0.170392,1.239492,0.249595,0.000000,0.000000,-0.245473,0.038937,-0.485181,0.391537,1.347962,0.000000,0.000000,0.613898
4.420396,0.053989,0.167312,-0.170320,1.239457,0.249583,0.000000,0.000000,-0.243388,0.038529,-0.485145,0.369414,1.347698,0.000000,0.000000,0.613858
4.440564,0.054109,0.166737,-0.170356,1.239516,0.249595,0.000000,0.000000,-0.242729,0.037810,-0.485265,0.345577,1.347422,0.000000,0.000000,0.612800
4.460385,0.053941,0.165418,-0.170332,1.239516,0.249607,0.000000,0.000000,-0.241806,0.037786,-0.485337,0.330525,1.347339,0.000000,0.000000,0.612010
4.480468,0.053414,0.164424,-0.170308,1.239492,0.249595,0.000000,0.000000,-0.241866,0.037547,-0.485337,0.310619,1.347123,0.000000,0.000000,0.611139
4.500723,0.052767,0.163093,-0.170320,1.239457,0.249607,0.000000,0.000000,-0.241123,0.036456,-0.485337,0.302482,1.347075,0.000000,0.000000,0.610670
4.520797,0.052743,0.162063,-0.170320,1.239457,0.249595,0.000000,0.000000,-0.242465,0.034730,-0.485169,0.297257,1.346787,0.000000,0.000000,0.609438
4.540943,0.052862,0.160517,-0.170320,1.239480,0.249583,0.000000,0.000000,-0.243759,0.032837,-0.485085,0.295303,1.346416,0.000000,0.000000,0.608126
4.560703,0.052862,0.159222,-0.170320,1.239457,0.249595,0.000000,0.000000,-0.243735,0.031722,-0.485097,0.292355,1.346344,0.000000,0.000000,0.607563
4.580729,0.052826,0.157892,-0.170308,1.239457,0.249583,0.000000,0.000000,-0.243699,0.031471,-0.485133,0.285956,1.346344,0.000000,0.000000,0.607550
4.600718,0.052922,0.157209,-0.170320,1.239468,0.249583,0.000000,0.000000,-0.241818,0.032094,-0.485109,0.274055,1.346320,0.000000,0.000000,0.607684
4.620672,0.053462,0.156742,-0.170308,1.239468,0.249595,0.000000,0.000000,-0.240128,0.032945,-0.484882,0.264528,1.346320,0.000000,0.000000,0.607697
4.640879,0.054085,0.156718,-0.170308,1.239552,0.249595,0.000000,0.000000,-0.240535,0.033100,-0.483324,0.256402,1.346236,0.000000,0.000000,0.607483
4.660433,0.054109,0.156766,-0.170308,1.239552,0.249595,0.000000,0.000000,-0.241662,0.033088,-0.483456,0.247906,1.346164,0.000000,0.000000,0.607537
4.680467,0.054097,0.156826,-0.170308,1.239528,0.249595,0.000000,0.000000,-0.241662,0.033088,-0.483456,0.234316,1.346176,0.000000,0.000000,0.607898
4.700521,0.054001,0.156897,-0.170308,1.239516,0.249595,0.000000,0.000000,-0.241926,0.033088,-0.483396,0.220426,1.346152,0.000000,0.000000,0.608153
4.720455,0.054097,0.157197,-0.170272,1.239516,0.249595,0.000000,0.000000,-0.243615,0.032897,-0.483635,0.213127,1.346068,0.000000,0.000000,0.608153
4.740618,0.054097,0.157245,-0.170260,1.239540,0.249595,0.000000,0.000000,-0.243795,0.032190,-0.483719,0.206536,1.346032,0.000000,0.000000,0.607992
4.760462,0.054073,0.157281,-0.170248,1.239528,0.249595,0.000000,0.000000,-0.243831,0.031914,-0.483743,0.197045,1.346020,0.000000,0.000000,0.608046
4.780453,0.054097,0.157305,-0.170236,1.239540,0.249607,0.000000,0.000000,-0.243807,0.032034,-0.483635,0.190633,1.346020,0.000000,0.000000,0.608153
4.800447,0.054097,0.157293,-0.170212,1.239516,0.249595,0.000000,0.000000,-0.243172,0.032297,-0.483599,0.187146,1.345793,0.000000,0.000000,0.608139
4.820731,0.054133,0.157245,-0.170200,1.239516,0.249595,0.000000,0.000000,-0.242932,0.032357,-0.483575,0.182568,1.345601,0.000000,0.000000,0.607965
4.841349,0.054109,0.157221,-0.170176,1.239516,0.249595,0.000000,0.000000,-0.243352,0.032070,-0.483528,0.180339,1.345481,0.000000,0.000000,0.607563
4.860468,0.054085,0.157233,-0.170176,1.239528,0.249595,0.000000,0.000000,-0.243639,0.031171,-0.483635,0.177223,1.345433,0.000000,0.000000,0.607443
4.880741,0.054121,0.157233,-0.170176,1.239516,0.249595,0.000000,0.000000,-0.243627,0.030236,-0.483683,0.173052,1.345181,0.000000,0.000000,0.607483
4.900433,0.054097,0.157257,-0.170176,1.239516,0.249595,0.000000,0.000000,-0.243436,0.030080,-0.483647,0.162554,1.345121,0.000000,0.000000,0.607697
4.920799,0.054097,0.157269,-0.170176,1.239528,0.249607,0.000000,0.000000,-0.242824,0.030224,-0.483552,0.148580,1.345109,0.000000,0.000000,0.607979
4.940846,0.054097,0.157293,-0.170176,1.239492,0.249595,0.000000,0.000000,-0.243495,0.030296,-0.483587,0.142433,1.345062,0.000000,0.000000,0.608005
4.960443,0.054097,0.157281,-0.170140,1.239516,0.249595,0.000000,0.000000,-0.243735,0.029853,-0.483695,0.134523,1.344858,0.000000,0.000000,0.607711
4.980964,0.054109,0.157329,-0.170164,1.239516,0.249595,0.000000,0.000000,-0.243747,0.029026,-0.483875,0.120465,1.344834,0.000000,0.000000,0.607724
5.000922,0.054109,0.157305,-0.170164,1.239516,0.249607,0.000000,0.000000,-0.243735,0.028379,-0.483743,0.105233,1.344858,0.000000,0.000000,0.607885
5.020500,0.054133,0.157329,-0.170116,1.239444,0.249583,0.000000,0.000000,-0.244155,0.027228,-0.483767,0.097827,1.344786,0.000000,0.000000,0.607898
5.040699,0.054133,0.157401,-0.170128,1.239492,0.249595,0.000000,0.000000,-0.246300,0.025107,-0.483552,0.086310,1.344726,0.000000,0.000000,0.607872
5.060469,0.054121,0.157425,-0.170140,1.239516,0.249595,0.000000,0.000000,-0.246779,0.021787,-0.483575,0.072229,1.344726,0.000000,0.000000,0.608059
5.080471,0.054121,0.157401,-0.170152,1.239492,0.249595,0.000000,0.000000,-0.246731,0.016454,-0.483468,0.068526,1.344726,0.000000,0.000000,0.608153
5.100426,0.054121,0.157413,-0.170140,1.239492,0.249595,0.000000,0.000000,-0.247534,0.009096,-0.483432,0.065829,1.344702,0.000000,0.000000,0.608166
5.120486,0.054121,0.157437,-0.170152,1.239468,0.249583,0.000000,0.000000,-0.248601,0.000911,-0.483575,0.065973,1.344690,0.000000,0.000000,0.608166
5.140589,0.054133,0.157413,-0.170152,1.239492,0.249607,0.000000,0.000000,-0.249631,-0.007466,-0.483695,0.066093,1.344690,0.000000,0.000000,0.608166
5.160476,0.054253,0.157425,-0.170152,1.239468,0.249607,0.000000,0.000000,-0.250434,-0.015687,-0.483971,0.066285,1.344702,0.000000,0.000000,0.608153
5.180466,0.054516,0.157461,-0.170152,1.239492,0.249595,0.000000,0.000000,-0.250566,-0.024759,-0.483468,0.066321,1.344702,0.000000,0.000000,0.608153
5.200427,0.054768,0.157521,-0.170140,1.239492,0.249595,0.000000,0.000000,-0.250518,-0.033520,-0.483791,0.066321,1.344714,0.000000,0.000000,0.608153
5.220481,0.054936,0.157509,-0.170152,1.239492,0.249607,0.000000,0.000000,-0.250434,-0.043155,-0.484151,0.066848,1.344714,0.000000,0.000000,0.608166
5.240556,0.055319,0.157533,-0.170140,1.239492,0.249595,0.000000,0.000000,-0.250698,-0.052191,-0.484199,0.065218,1.344738,0.000000,0.000000,0.608153
5.260764,0.055559,0.157557,-0.170140,1.239492,0.249595,0.000000,0.000000,-0.251189,-0.062462,-0.484259,0.064068,1.344810,0.000000,0.000000,0.608139
5.280754,0.055691,0.157509,-0.170140,1.239492,0.249607,0.000000,0.000000,-0.251848,-0.074698,-0.484259,0.061359,1.345014,0.000000,0.000000,0.608099
5.300716,0.055523,0.157521,-0.170152,1.239492,0.249595,0.000000,0.000000,-0.252220,-0.088024,-0.484223,0.060317,1.345924,0.000000,0.000000,0.607885
5.320709,0.055331,0.157497,-0.170152,1.239480,0.249583,0.000000,0.000000,-0.251729,-0.101303,-0.484235,0.073775,1.345541,0.000000,0.000000,0.607925
5.340944,0.055343,0.157485,-0.170176,1.239492,0.249595,0.000000,0.000000,-0.249727,-0.114461,-0.484390,0.077909,1.345745,0.000000,0.000000,0.608072
5.360579,0.055343,0.157473,-0.170176,1.239468,0.249571,0.000000,0.000000,-0.246911,-0.121580,-0.487243,0.077059,1.346164,0.000000,0.000000,0.608005
5.380569,0.055343,0.157389,-0.170200,1.239468,0.249583,0.000000,0.000000,-0.246276,-0.124193,-0.486751,0.075357,1.346176,0.000000,0.000000,0.607644
5.400446,0.055367,0.157305,-0.170188,1.239468,0.249595,0.000000,0.000000,-0.246096,-0.128231,-0.486787,0.075081,1.346212,0.000000,0.000000,0.606988
5.420728,0.055894,0.157245,-0.170188,1.239468,0.249595,0.000000,0.000000,-0.245377,-0.130544,-0.486823,0.073631,1.346200,0.000000,0.000000,0.605635
5.440698,0.056709,0.157161,-0.170188,1.239480,0.249583,0.000000,0.000000,-0.245701,-0.130724,-0.486763,0.073212,1.346212,0.000000,0.000000,0.603559
5.460434,0.057297,0.157125,-0.170176,1.239468,0.249583,0.000000,0.000000,-0.245820,-0.130245,-0.486763,0.073355,1.346200,0.000000,0.000000,0.601350
5.480496,0.057512,0.157113,-0.170164,1.239468,0.249595,0.000000,0.000000,-0.245844,-0.130005,-0.486955,0.072888,1.346212,0.000000,0.000000,0.599702
5.500350,0.057788,0.157125,-0.170152,1.239480,0.249595,0.000000,0.000000,-0.245868,-0.129897,-0.488022,0.072948,1.346188,0.000000,0.000000,0.597560
5.520406,0.058183,0.157149,-0.170128,1.239457,0.249595,0.000000,0.000000,-0.245880,-0.129957,-0.488597,0.072852,1.346212,0.000000,0.000000,0.594694
5.540563,0.058615,0.157209,-0.170092,1.239468,0.249595,0.000000,0.000000,-0.247606,-0.130173,-0.488633,0.072660,1.346188,0.000000,0.000000,0.591493
5.560397,0.058735,0.157305,-0.170032,1.239468,0.249595,0.000000,0.000000,-0.249679,-0.130616,-0.488597,0.072073,1.346164,0.000000,0.000000,0.589016
5.580376,0.058603,0.157329,-0.169972,1.239457,0.249583,0.000000,0.000000,-0.251381,-0.131671,-0.488633,0.070443,1.346152,0.000000,0.000000,0.587315
5.600360,0.058375,0.157341,-0.169936,1.239457,0.249595,0.000000,0.000000,-0.252232,-0.133984,-0.488633,0.068274,1.346116,0.000000,0.000000,0.586177
5.620926,0.058351,0.157329,-0.169924,1.239457,0.249595,0.000000,0.000000,-0.253179,-0.138046,-0.488932,0.067879,1.346116,0.000000,0.000000,0.585507
5.640839,0.058363,0.157317,-0.169924,1.239457,0.249583,0.000000,0.000000,-0.253694,-0.145656,-0.490275,0.068010,1.346128,0.000000,0.000000,0.585226
5.660677,0.058339,0.157269,-0.169936,1.239468,0.249595,0.000000,0.000000,-0.253790,-0.151984,-0.494074,0.068046,1.346140,0.000000,0.000000,0.585346
5.680728,0.058363,0.157209,-0.169948,1.239457,0.249583,0.000000,0.000000,-0.254797,-0.160229,-0.504764,0.068154,1.346128,0.000000,0.000000,0.585949
5.700717,0.058303,0.157197,-0.169960,1.239457,0.249595,0.000000,0.000000,-0.256774,-0.166557,-0.520175,0.068466,1.346140,0.000000,0.000000,0.586726
5.720791,0.058339,0.157209,-0.169960,1.239444,0.249595,0.000000,0.000000,-0.260118,-0.173544,-0.536534,0.070060,1.346152,0.000000,0.000000,0.586712
5.740864,0.058363,0.157257,-0.169960,1.239468,0.249583,0.000000,0.000000,-0.266062,-0.181333,-0.553779,0.070228,1.346248,0.000000,0.000000,0.586378
5.760612,0.059454,0.157209,-0.169948,1.239492,0.249595,0.000000,0.000000,-0.276955,-0.189111,-0.571671,0.071054,1.346643,0.000000,0.000000,0.585574
5.780606,0.059885,0.157101,-0.169984,1.239516,0.249595,0.000000,0.000000,-0.280203,-0.198123,-0.591529,0.072660,1.347842,0.000000,0.000000,0.585480
5.800716,0.059586,0.157005,-0.170020,1.239468,0.249583,0.000000,0.000000,-0.283199,-0.207099,-0.611136,0.074278,1.347974,0.000000,0.000000,0.585855
5.820628,0.059334,0.156850,-0.170056,1.239468,0.249595,0.000000,0.000000,-0.287873,-0.218472,-0.629867,0.074566,1.347962,0.000000,0.000000,0.586177
5.840687,0.059358,0.156754,-0.170068,1.239468,0.249595,0.000000,0.000000,-0.290402,-0.230636,-0.643924,0.074818,1.347998,0.000000,0.000000,0.586619
5.860457,0.059370,0.156646,-0.170116,1.239468,0.249583,0.000000,0.000000,-0.289994,-0.244454,-0.652901,0.074901,1.348070,0.000000,0.000000,0.586565
5.880519,0.059346,0.156586,-0.170128,1.239468,0.249595,0.000000,0.000000,-0.289922,-0.257948,-0.665268,0.075129,1.348058,0.000000,0.000000,0.586565
5.900483,0.059334,0.156574,-0.170128,1.239480,0.249571,0.000000,0.000000,-0.289755,-0.270700,-0.676917,0.077358,1.348094,0.000000,0.000000,0.586578
5.920772,0.059346,0.156562,-0.170128,1.239468,0.249595,0.000000,0.000000,-0.289083,-0.284733,-0.683197,0.081684,1.348237,0.000000,0.000000,0.586565
5.940597,0.059358,0.156550,-0.170104,1.239421,0.249607,0.000000,0.000000,-0.288233,-0.298635,-0.688230,0.087545,1.348393,0.000000,0.000000,0.586190
5.960502,0.059346,0.156550,-0.170116,1.239492,0.249583,0.000000,0.000000,-0.286279,-0.315293,-0.690998,0.093093,1.348801,0.000000,0.000000,0.584757
5.980443,0.059298,0.156490,-0.170116,1.239492,0.249595,0.000000,0.000000,-0.285536,-0.322915,-0.697003,0.100488,1.348980,0.000000,0.000000,0.583994
6.000352,0.059310,0.156274,-0.170116,1.239468,0.249583,0.000000,0.000000,-0.285524,-0.335534,-0.710029,0.113299,1.349004,0.000000,0.000000,0.583097
6.021900,0.059298,0.155879,-0.170128,1.239457,0.249595,0.000000,0.000000,-0.285536,-0.345757,-0.721726,0.119686,1.349088,0.000000,0.000000,0.582922
6.040430,0.059310,0.155364,-0.170128,1.239468,0.249583,0.000000,0.000000,-0.285273,-0.358532,-0.731373,0.127141,1.349268,0.000000,0.000000,0.582882
6.060756,0.058135,0.154980,-0.170128,1.239457,0.249595,0.000000,0.000000,-0.283175,-0.366418,-0.741692,0.133684,1.349927,0.000000,0.000000,0.582695
6.080421,0.056829,0.154704,-0.170128,1.239457,0.249595,0.000000,0.000000,-0.282960,-0.373656,-0.755042,0.142948,1.350418,0.000000,0.000000,0.582106
6.100396,0.055930,0.154309,-0.170128,1.239468,0.249607,0.000000,0.000000,-0.283103,-0.381901,-0.766571,0.155244,1.350418,0.000000,0.000000,0.580740
6.120612,0.055559,0.153674,-0.170104,1.239457,0.249583,0.000000,0.000000,-0.282732,-0.389883,-0.777153,0.165131,1.350407,0.000000,0.000000,0.578530
6.140874,0.055271,0.152931,-0.170128,1.239457,0.249571,0.000000,0.000000,-0.282612,-0.394964,-0.789485,0.171590,1.350442,0.000000,0.000000,0.576387
6.160545,0.055199,0.152379,-0.170116,1.239457,0.249583,0.000000,0.000000,-0.282660,-0.400117,-0.801002,0.180147,1.350454,0.000000,0.000000,0.573990
6.180475,0.055463,0.152176,-0.170104,1.239457,0.249595,0.000000,0.000000,-0.283019,-0.405930,-0.809343,0.193629,1.350430,0.000000,0.000000,0.570508
6.200423,0.055475,0.152092,-0.170104,1.239480,0.249595,0.000000,0.000000,-0.283007,-0.410735,-0.818822,0.202485,1.350442,0.000000,0.000000,0.566919
6.220521,0.055451,0.151948,-0.170092,1.239480,0.249607,0.000000,0.000000,-0.282995,-0.414295,-0.830483,0.209808,1.350442,0.000000,0.000000,0.563946
6.240599,0.055451,0.151732,-0.170092,1.239457,0.249595,0.000000,0.000000,-0.281462,-0.418453,-0.840490,0.218832,1.350442,0.000000,0.000000,0.561415
6.260458,0.055439,0.151624,-0.170056,1.239433,0.249595,0.000000,0.000000,-0.279280,-0.423942,-0.846865,0.234711,1.350430,0.000000,0.000000,0.558375
6.280466,0.055427,0.151588,-0.170044,1.239468,0.249595,0.000000,0.000000,-0.277818,-0.430006,-0.854715,0.241662,1.350454,0.000000,0.000000,0.555094
6.300383,0.055427,0.151541,-0.170032,1.239457,0.249571,0.000000,0.000000,-0.275997,-0.433685,-0.866136,0.249859,1.350598,0.000000,0.000000,0.552442
6.320576,0.055439,0.151529,-0.170020,1.239457,0.249595,0.000000,0.000000,-0.273720,-0.438239,-0.876227,0.262694,1.350670,0.000000,0.000000,0.549644
6.341197,0.055367,0.151541,-0.169972,1.239397,0.249583,0.000000,0.000000,-0.272617,-0.443129,-0.883441,0.276967,1.350694,0.000000,0.000000,0.545974
6.360410,0.055451,0.151624,-0.169888,1.239433,0.249583,0.000000,0.000000,-0.272318,-0.446305,-0.890152,0.284961,1.350922,0.000000,0.000000,0.541046
6.380446,0.055463,0.151624,-0.169781,1.239421,0.249583,0.000000,0.000000,-0.272437,-0.447395,-0.903323,0.292703,1.351317,0.000000,0.000000,0.536225
6.400403,0.055463,0.151684,-0.169697,1.239397,0.249595,0.000000,0.000000,-0.272294,-0.449528,-0.910801,0.305825,1.351281,0.000000,0.000000,0.532328
6.420720,0.055439,0.151696,-0.169637,1.239397,0.249583,0.000000,0.000000,-0.271479,-0.453903,-0.915715,0.315569,1.351317,0.000000,0.000000,0.528725
6.441297,0.055439,0.151660,-0.169625,1.239409,0.249607,0.000000,0.000000,-0.269357,-0.458169,-0.920269,0.321189,1.351413,0.000000,0.000000,0.525779
6.460720,0.055451,0.151684,-0.169613,1.239373,0.249583,0.000000,0.000000,-0.266841,-0.458588,-0.923265,0.324940,1.351605,0.000000,0.000000,0.522672
6.480742,0.055451,0.151852,-0.169469,1.239349,0.249595,0.000000,0.000000,-0.264492,-0.460829,-0.923444,0.329506,1.351689,0.000000,0.000000,0.518708
6.500808,0.055439,0.151984,-0.169277,1.239349,0.249583,0.000000,0.000000,-0.263078,-0.462483,-0.922054,0.333581,1.351653,0.000000,0.000000,0.514624
6.520773,0.055439,0.152116,-0.169157,1.239337,0.249595,0.000000,0.000000,-0.263054,-0.463778,-0.921994,0.339813,1.351617,0.000000,0.000000,0.509816
6.540951,0.055487,0.152140,-0.169002,1.239361,0.249595,0.000000,0.000000,-0.263305,-0.465923,-0.921994,0.346620,1.351641,0.000000,0.000000,0.505678
6.560633,0.055463,0.152032,-0.168930,1.239349,0.249607,0.000000,0.000000,-0.263042,-0.472190,-0.922054,0.348286,1.351641,0.000000,0.000000,0.501580
6.580492,0.055451,0.151936,-0.168894,1.239325,0.249595,0.000000,0.000000,-0.262586,-0.475342,-0.922378,0.350155,1.351653,0.000000,0.000000,0.497857
6.600531,0.055439,0.151840,-0.168810,1.239289,0.249595,0.000000,0.000000,-0.262455,-0.475318,-0.922630,0.352768,1.351641,0.000000,0.000000,0.493840
6.620504,0.055463,0.151840,-0.168630,1.239289,0.249583,0.000000,0.000000,-0.262419,-0.476840,-0.922845,0.354290,1.351665,0.000000,0.000000,0.489554
6.640619,0.055475,0.151840,-0.167959,1.239313,0.249595,0.000000,0.000000,-0.262335,-0.477296,-0.922642,0.354122,1.351653,0.000000,0.000000,0.484854
6.660915,0.055451,0.151804,-0.166329,1.239289,0.249583,0.000000,0.000000,-0.262407,-0.477296,-0.922258,0.353798,1.351665,0.000000,0.000000,0.480260
6.680699,0.055439,0.151744,-0.164723,1.239277,0.249583,0.000000,0.000000,-0.262347,-0.477200,-0.921982,0.353786,1.351665,0.000000,0.000000,0.476082
6.700354,0.055463,0.151672,-0.163309,1.239277,0.249595,0.000000,0.000000,-0.262347,-0.477092,-0.921611,0.353810,1.351653,0.000000,0.000000,0.472546
6.720499,0.055427,0.151672,-0.162614,1.239289,0.249583,0.000000,0.000000,-0.262299,-0.477056,-0.921251,0.353942,1.351665,0.000000,0.000000,0.469667
6.740549,0.055451,0.151696,-0.162542,1.239289,0.249595,0.000000,0.000000,-0.262287,-0.477080,-0.921096,0.354350,1.351701,0.000000,0.000000,0.467163
6.760424,0.055463,0.151744,-0.162530,1.239289,0.249595,0.000000,0.000000,-0.262299,-0.477092,-0.921191,0.355740,1.351713,0.000000,0.000000,0.465435
6.780435,0.054972,0.151912,-0.162542,1.239277,0.249607,0.000000,0.000000,-0.262419,-0.477236,-0.921215,0.358292,1.351725,0.000000,0.000000,0.464404
6.800409,0.054073,0.152116,-0.162542,1.239253,0.249583,0.000000,0.000000,-0.262419,-0.477212,-0.921167,0.359215,1.351713,0.000000,0.000000,0.463949
6.820607,0.053414,0.152224,-0.162542,1.239193,0.249571,0.000000,0.000000,-0.262514,-0.477116,-0.920556,0.359191,1.351725,0.000000,0.000000,0.463842
6.840866,0.053222,0.152272,-0.162578,1.239253,0.249571,0.000000,0.000000,-0.262874,-0.477176,-0.920173,0.359215,1.351725,0.000000,0.000000,0.463922
6.860744,0.053330,0.152248,-0.162602,1.239265,0.249583,0.000000,0.000000,-0.263569,-0.477248,-0.920101,0.359251,1.351725,0.000000,0.000000,0.464083
6.880636,0.053510,0.152164,-0.162638,1.239217,0.249595,0.000000,0.000000,-0.264600,-0.477260,-0.920065,0.359611,1.351725,0.000000,0.000000,0.464203
6.900770,0.053809,0.152080,-0.162650,1.239229,0.249583,0.000000,0.000000,-0.266074,-0.477380,-0.920137,0.361181,1.351725,0.000000,0.000000,0.464203
6.920652,0.054229,0.152068,-0.162650,1.239229,0.249583,0.000000,0.000000,-0.267907,-0.477751,-0.920125,0.364057,1.351725,0.000000,0.000000,0.464243
6.940788,0.054336,0.152104,-0.162674,1.239277,0.249595,0.000000,0.000000,-0.269873,-0.478410,-0.920137,0.368251,1.351701,0.000000,0.000000,0.464270
6.960530,0.054324,0.152116,-0.162686,1.239253,0.249583,0.000000,0.000000,-0.272941,-0.479848,-0.921491,0.375849,1.351689,0.000000,0.000000,0.464284
6.980432,0.054324,0.152092,-0.162698,1.239229,0.249595,0.000000,0.000000,-0.273600,-0.482701,-0.922198,0.388181,1.351677,0.000000,0.000000,0.464243
7.000629,0.054324,0.152080,-0.162698,1.239253,0.249595,0.000000,0.000000,-0.274990,-0.485625,-0.922222,0.397948,1.351701,0.000000,0.000000,0.464270
7.020463,0.054336,0.151972,-0.162710,1.239253,0.249583,0.000000,0.000000,-0.276644,-0.487914,-0.922186,0.406373,1.351653,0.000000,0.000000,0.464243
7.040579,0.054336,0.151852,-0.162698,1.239253,0.249571,0.000000,0.000000,-0.276596,-0.491281,-0.922138,0.417015,1.351593,0.000000,0.000000,0.464337
7.060452,0.054324,0.151828,-0.162698,1.239253,0.249595,0.000000,0.000000,-0.276500,-0.496195,-0.922725,0.427825,1.351569,0.000000,0.000000,0.464284
7.080458,0.054336,0.151852,-0.162698,1.239229,0.249595,0.000000,0.000000,-0.276296,-0.501288,-0.923133,0.427933,1.351593,0.000000,0.000000,0.464284
7.100429,0.054301,0.151960,-0.162674,1.239253,0.249583,0.000000,0.000000,-0.276320,-0.502043,-0.923636,0.432067,1.351605,0.000000,0.000000,0.464284
7.120430,0.054324,0.152116,-0.162638,1.239229,0.249607,0.000000,0.000000,-0.276272,-0.502175,-0.923552,0.435351,1.351593,0.000000,0.000000,0.464297
7.141107,0.054324,0.152152,-0.162614,1.239253,0.249583,0.000000,0.000000,-0.274738,-0.502570,-0.923444,0.435603,1.351605,0.000000,0.000000,0.464297
7.160472,0.054348,0.152140,-0.162578,1.239253,0.249571,0.000000,0.000000,-0.270891,-0.502535,-0.923420,0.435603,1.351617,0.000000,0.000000,0.464257
7.180468,0.054360,0.152068,-0.162578,1.239253,0.249595,0.000000,0.000000,-0.267536,-0.502535,-0.923385,0.435579,1.351617,0.000000,0.000000,0.463735
7.200991,0.054336,0.152008,-0.162542,1.239253,0.249583,0.000000,0.000000,-0.264708,-0.501468,-0.923397,0.435926,1.351593,0.000000,0.000000,0.461284
7.220769,0.054360,0.151984,-0.162542,1.239253,0.249571,0.000000,0.000000,-0.262407,-0.497525,-0.922965,0.435998,1.351641,0.000000,0.000000,0.458739
7.240946,0.054336,0.151972,-0.162542,1.239253,0.249595,0.000000,0.000000,-0.258596,-0.492803,-0.922558,0.436130,1.351617,0.000000,0.000000,0.456315
7.260658,0.054324,0.151960,-0.162578,1.239253,0.249583,0.000000,0.000000,-0.249080,-0.487758,-0.921731,0.435842,1.351617,0.000000,0.000000,0.455659
7.280719,0.054324,0.151948,-0.162602,1.239277,0.249607,0.000000,0.000000,-0.241386,-0.482197,-0.921767,0.435123,1.351629,0.000000,0.000000,0.455833
7.300416,0.054348,0.152128,-0.162530,1.239229,0.249595,0.000000,0.000000,-0.235023,-0.475354,-0.922282,0.434872,1.351593,0.000000,0.000000,0.455445
7.320683,0.054336,0.152236,-0.162506,1.239229,0.249607,0.000000,0.000000,-0.228755,-0.469003,-0.922030,0.434740,1.351593,0.000000,0.000000,0.454467
7.340585,0.054348,0.152272,-0.162506,1.239289,0.249571,0.000000,0.000000,-0.223494,-0.461716,-0.922138,0.434632,1.351593,0.000000,0.000000,0.452592
7.360513,0.054336,0.152296,-0.162482,1.239253,0.249607,0.000000,0.000000,-0.218556,-0.454142,-0.922090,0.434272,1.351569,0.000000,0.000000,0.450530
7.380562,0.054324,0.152296,-0.162506,1.239241,0.249571,0.000000,0.000000,-0.211030,-0.446520,-0.922066,0.434021,1.351581,0.000000,0.000000,0.449204
7.400691,0.054360,0.152403,-0.162506,1.239229,0.249583,0.000000,0.000000,-0.203420,-0.436058,-0.922066,0.433469,1.351581,0.000000,0.000000,0.449137
7.420548,0.054372,0.152547,-0.162506,1.239253,0.249583,0.000000,0.000000,-0.195762,-0.431624,-0.922150,0.429994,1.351569,0.000000,0.000000,0.448816
7.440566,0.054384,0.153098,-0.162470,1.239277,0.249583,0.000000,0.000000,-0.189231,-0.423211,-0.922078,0.429682,1.351533,0.000000,0.000000,0.447905
7.461166,0.054384,0.153865,-0.162446,1.239241,0.249583,0.000000,0.000000,-0.183790,-0.415158,-0.922258,0.429778,1.351545,0.000000,0.000000,0.446365
7.481084,0.054384,0.154561,-0.162434,1.239253,0.249595,0.000000,0.000000,-0.178301,-0.405822,-0.922186,0.429503,1.351545,0.000000,0.000000,0.445026
7.500978,0.054684,0.155100,-0.162398,1.239229,0.249583,0.000000,0.000000,-0.171374,-0.393107,-0.922174,0.429179,1.351533,0.000000,0.000000,0.444182
7.520546,0.054996,0.155507,-0.162374,1.239229,0.249583,0.000000,0.000000,-0.162638,-0.392268,-0.922030,0.428556,1.351533,0.000000,0.000000,0.443995
7.541070,0.055547,0.155699,-0.162326,1.239217,0.249595,0.000000,0.000000,-0.158455,-0.384454,-0.922354,0.427813,1.351521,0.000000,0.000000,0.443941
7.560455,0.056362,0.155759,-0.162326,1.239229,0.249595,0.000000,0.000000,-0.152907,-0.376520,-0.922450,0.425380,1.351485,0.000000,0.000000,0.443700
7.580749,0.057716,0.155783,-0.162290,1.239241,0.249595,0.000000,0.000000,-0.148365,-0.368371,-0.922414,0.423079,1.351473,0.000000,0.000000,0.442883
7.600705,0.059106,0.155783,-0.162195,1.239229,0.249595,0.000000,0.000000,-0.145189,-0.357418,-0.922462,0.422456,1.351425,0.000000,0.000000,0.441625
7.620891,0.060233,0.155687,-0.162159,1.239241,0.249583,0.000000,0.000000,-0.142468,-0.357154,-0.922306,0.422384,1.351401,0.000000,0.000000,0.440379
7.640904,0.060700,0.155567,-0.162099,1.239241,0.249595,0.000000,0.000000,-0.138334,-0.353319,-0.922186,0.422336,1.351365,0.000000,0.000000,0.439951
7.660679,0.060544,0.155507,-0.162099,1.239241,0.249583,0.000000,0.000000,-0.127416,-0.350610,-0.922114,0.422324,1.351365,0.000000,0.000000,0.440084
7.680696,0.060460,0.155483,-0.162099,1.239241,0.249595,0.000000,0.000000,-0.123929,-0.349017,-0.922030,0.422240,1.351365,0.000000,0.000000,0.440218
7.700945,0.060460,0.155495,-0.162099,1.239229,0.249595,0.000000,0.000000,-0.122155,-0.347411,-0.922114,0.422204,1.351377,0.000000,0.000000,0.440125
7.720572,0.060460,0.155495,-0.162087,1.239241,0.249595,0.000000,0.000000,-0.121700,-0.346596,-0.922078,0.422228,1.351365,0.000000,0.000000,0.439951
7.740805,0.060448,0.155459,-0.162063,1.239253,0.249595,0.000000,0.000000,-0.117182,-0.345469,-0.922126,0.422228,1.351365,0.000000,0.000000,0.439495
7.760457,0.060448,0.155483,-0.162039,1.239241,0.249595,0.000000,0.000000,-0.112987,-0.344523,-0.922018,0.422228,1.351377,0.000000,0.000000,0.438906
7.780379,0.060532,0.155411,-0.162027,1.239241,0.249583,0.000000,0.000000,-0.109416,-0.342569,-0.922054,0.422240,1.351377,0.000000,0.000000,0.437821
7.800668,0.060808,0.155435,-0.161907,1.239277,0.249583,0.000000,0.000000,-0.106264,-0.340280,-0.922042,0.422264,1.351365,0.000000,0.000000,0.435973
7.820469,0.060928,0.155507,-0.161799,1.239229,0.249571,0.000000,0.000000,-0.102070,-0.338207,-0.921779,0.422228,1.351353,0.000000,0.000000,0.434219
7.840510,0.060748,0.155555,-0.161739,1.239217,0.249595,0.000000,0.000000,-0.090289,-0.336349,-0.921527,0.422204,1.351377,0.000000,0.000000,0.433067
7.860440,0.060257,0.155543,-0.161763,1.239253,0.249571,0.000000,0.000000,-0.085963,-0.333988,-0.921611,0.422204,1.351377,0.000000,0.000000,0.432505
7.880424,0.060436,0.155519,-0.161703,1.239253,0.249607,0.000000,0.000000,-0.078473,-0.330621,-0.922054,0.422228,1.351377,0.000000,0.000000,0.430750
7.900373,0.061156,0.155507,-0.161655,1.239277,0.249583,0.000000,0.000000,-0.070299,-0.325432,-0.921982,0.422228,1.351365,0.000000,0.000000,0.427831
7.920643,0.062558,0.155519,-0.161451,1.239313,0.249595,0.000000,0.000000,-0.063540,-0.318637,-0.922102,0.422156,1.351365,0.000000,0.000000,0.423813
7.940803,0.063540,0.155531,-0.161068,1.239397,0.249595,0.000000,0.000000,-0.051292,-0.314921,-0.921623,0.421689,1.351377,0.000000,0.000000,0.419314
7.960727,0.063552,0.155543,-0.160984,1.239337,0.249583,0.000000,0.000000,-0.044306,-0.310044,-0.921863,0.420766,1.351377,0.000000,0.000000,0.416086
7.980464,0.063576,0.155507,-0.160864,1.239289,0.249607,0.000000,0.000000,-0.035246,-0.304567,-0.922761,0.419843,1.351377,0.000000,0.000000,0.412430
8.000688,0.063936,0.155567,-0.160241,1.239337,0.249583,0.000000,0.000000,-0.025778,-0.298875,-0.922773,0.418142,1.351377,0.000000,0.000000,0.407181
8.020908,0.064763,0.155675,-0.159965,1.239349,0.249583,0.000000,0.000000,-0.015795,-0.292847,-0.922701,0.417099,1.351401,0.000000,0.000000,0.400458
8.040620,0.065134,0.155699,-0.159906,1.239337,0.249595,0.000000,0.000000,-0.005249,-0.286555,-0.922749,0.415685,1.351365,0.000000,0.000000,0.394887
8.060647,0.065338,0.155699,-0.159810,1.239313,0.249583,0.000000,0.000000,0.002349,-0.279352,-0.923193,0.411934,1.351377,0.000000,0.000000,0.389142
8.080570,0.065721,0.155711,-0.159654,1.239313,0.249595,0.000000,0.000000,0.012751,-0.272473,-0.922965,0.405582,1.351365,0.000000,0.000000,0.382928
8.100437,0.065877,0.155675,-0.159594,1.239313,0.249595,0.000000,0.000000,0.025550,-0.263018,-0.922510,0.391848,1.351389,0.000000,0.000000,0.376794
8.120474,0.065710,0.155651,-0.159546,1.239289,0.249607,0.000000,0.000000,0.039572,-0.252639,-0.920976,0.374962,1.351389,0.000000,0.000000,0.372174
8.140576,0.065578,0.155663,-0.159546,1.239253,0.249607,0.000000,0.000000,0.053593,-0.238894,-0.920688,0.359754,1.351413,0.000000,0.000000,0.368023
8.160422,0.064955,0.155591,-0.159582,1.239289,0.249595,0.000000,0.000000,0.072612,-0.230744,-0.920496,0.340544,1.351473,0.000000,0.000000,0.365036
8.180435,0.064415,0.155459,-0.159594,1.239277,0.249595,0.000000,0.000000,0.090757,-0.216735,-0.919430,0.324401,1.351473,0.000000,0.000000,0.362880
8.200375,0.063840,0.155459,-0.159654,1.239277,0.249571,0.000000,0.000000,0.113958,-0.204271,-0.914972,0.303465,1.351533,0.000000,0.000000,0.361461
8.220498,0.063361,0.155459,-0.159654,1.239277,0.249595,0.000000,0.000000,0.131371,-0.188176,-0.910537,0.287549,1.351569,0.000000,0.000000,0.360496
8.240461,0.063157,0.155411,-0.159726,1.239253,0.249583,0.000000,0.000000,0.152391,-0.175473,-0.904833,0.268075,1.351737,0.000000,0.000000,0.359425
8.260472,0.063313,0.155411,-0.159750,1.239277,0.249583,0.000000,0.000000,0.168390,-0.155591,-0.895389,0.255252,1.351833,0.000000,0.000000,0.358247
8.280370,0.063361,0.155304,-0.159750,1.239313,0.249583,0.000000,0.000000,0.185468,-0.146447,-0.883561,0.241638,1.351857,0.000000,0.000000,0.357108
8.300904,0.063528,0.154597,-0.159750,1.239313,0.249595,0.000000,0.000000,0.203264,-0.132510,-0.862301,0.224968,1.352216,0.000000,0.000000,0.356050
8.321268,0.063792,0.153961,-0.159750,1.239349,0.249595,0.000000,0.000000,0.219251,-0.117817,-0.838776,0.210107,1.352240,0.000000,0.000000,0.354202
8.340400,0.063840,0.152451,-0.159750,1.239349,0.249595,0.000000,0.000000,0.234783,-0.105701,-0.811596,0.189267,1.352276,0.000000,0.000000,0.352381
8.360376,0.064092,0.150989,-0.159750,1.239325,0.249595,0.000000,0.000000,0.248157,-0.092015,-0.780976,0.169373,1.352264,0.000000,0.000000,0.349301
8.380799,0.064140,0.150043,-0.159750,1.239361,0.249583,0.000000,0.000000,0.266086,-0.078341,-0.745119,0.144985,1.352216,0.000000,0.000000,0.345712
8.400710,0.063816,0.148868,-0.159726,1.239397,0.249595,0.000000,0.000000,0.279820,-0.066093,-0.701389,0.119051,1.352204,0.000000,0.000000,0.342886
8.421258,0.063516,0.147837,-0.159750,1.239337,0.249595,0.000000,0.000000,0.296226,-0.055607,-0.660858,0.096821,1.352108,0.000000,0.000000,0.339913
8.440604,0.063001,0.147502,-0.159750,1.239313,0.249595,0.000000,0.000000,0.311110,-0.041849,-0.618230,0.067507,1.351964,0.000000,0.000000,0.336860
8.460552,0.062821,0.147154,-0.159690,1.239313,0.249595,0.000000,0.000000,0.324149,-0.035413,-0.579545,0.047074,1.351881,0.000000,0.000000,0.333887
8.480574,0.062893,0.146927,-0.159738,1.239361,0.249607,0.000000,0.000000,0.340016,-0.026485,-0.542358,0.028391,1.351425,0.000000,0.000000,0.330458
8.500503,0.062989,0.146807,-0.159714,1.239361,0.249583,0.000000,0.000000,0.352097,-0.019846,-0.506669,0.011840,1.351245,0.000000,0.000000,0.326843
8.520588,0.063181,0.146795,-0.159726,1.239373,0.249595,0.000000,0.000000,0.367041,-0.011397,-0.476361,-0.006436,1.350970,0.000000,0.000000,0.323053
8.540689,0.063229,0.146831,-0.159690,1.239397,0.249595,0.000000,0.000000,0.385916,-0.003200,-0.454118,-0.015999,1.350946,0.000000,0.000000,0.318968
8.560445,0.063205,0.146939,-0.159642,1.239313,0.249607,0.000000,0.000000,0.399290,-0.001091,-0.433410,-0.022051,1.350946,0.000000,0.000000,0.315205
8.580488,0.063205,0.147058,-0.159642,1.239397,0.249595,0.000000,0.000000,0.417351,0.001953,-0.418429,-0.026317,1.350898,0.000000,0.000000,0.311241
8.600424,0.063145,0.147130,-0.159582,1.239349,0.249595,0.000000,0.000000,0.437808,0.004398,-0.404659,-0.032537,1.350946,0.000000,0.000000,0.307518
8.620495,0.063229,0.147178,-0.159594,1.239373,0.249595,0.000000,0.000000,0.463382,0.005009,-0.390782,-0.040603,1.350886,0.000000,0.000000,0.303353
8.640577,0.063289,0.147214,-0.159558,1.239361,0.249607,0.000000,0.000000,0.489604,0.005465,-0.373776,-0.045588,1.350982,0.000000,0.000000,0.299202
8.660467,0.063576,0.147334,-0.159546,1.239397,0.249595,0.000000,0.000000,0.518665,0.004087,-0.354302,-0.045780,1.350994,0.000000,0.000000,0.294608
8.680822,0.064259,0.147370,-0.159426,1.239409,0.249595,0.000000,0.000000,0.549285,0.003583,-0.333569,-0.045816,1.350970,0.000000,0.000000,0.288756
8.700738,0.065230,0.147370,-0.159318,1.239349,0.249595,0.000000,0.000000,0.570389,0.000216,-0.315329,-0.045720,1.350970,0.000000,0.000000,0.283373
